Year,Geography,Code,Name,13 - 17 years (%)
2005,wijken,AA,Haarlemmerbuurt,3.2
2005,wijken,AB,Jordaan,2.3
2005,wijken,AC,Grachtengordel-West,1.6
2005,wijken,AD,Burgwallen-Nieuwe Zijde,1
2005,wijken,AE,Burgwallen-Oude Zijde,1.8
2005,wijken,AF,Nieuwmarkt/Lastage,2.5
2005,wijken,AG,Grachtengordel-Zuid,1.8
2005,wijken,AH,De Weteringschans,2.1
2005,wijken,AJ,Weesperbuurt/Plantage,2.2
2005,wijken,AK,Oostelijke Eilanden/Kadijken,5.1
2005,wijken,EA,Sloterdijk-West,0
2005,wijken,EB,Spaarndammerbuurt/Zeeheldenbuurt,4.9
2005,wijken,EC,Houthavens,2.3
2005,wijken,ED,De Kolenkit,7.9
2005,wijken,EE,Landlust,4.7
2005,wijken,EF,Erasmuspark,3.8
2005,wijken,EG,Centrale Markt,5
2005,wijken,EH,Staatsliedenbuurt,3.2
2005,wijken,EJ,Frederik Hendrikbuurt,2.3
2005,wijken,EK,Van Galenbuurt,3.3
2005,wijken,EL,Geuzenbuurt,2.4
2005,wijken,EM,Hoofdweg e.o.,2.9
2005,wijken,EN,Chassébuurt,5.9
2005,wijken,EP,Bellamybuurt,2.5
2005,wijken,EQ,Da Costabuurt,2.8
2005,wijken,ER,Westindische Buurt,3.1
2005,wijken,ES,Van Lennepbuurt,3.5
2005,wijken,ET,Overtoomse Sluis,2.2
2005,wijken,EU,Helmersbuurt,2.7
2005,wijken,EV,Vondelparkbuurt,3.3
2005,wijken,FA,Sloterdijk Nieuw-West,2.9
2005,wijken,FB,Geuzenveld,7.7
2005,wijken,FC,Slotermeer-West,7.3
2005,wijken,FD,Slotermeer-Noordoost,5.7
2005,wijken,FE,Slotermeer-Zuidoost,3.4
2005,wijken,FF,Lutkemeer/Ookmeer,7.2
2005,wijken,FG,De Aker,7.2
2005,wijken,FH,De Punt,5.2
2005,wijken,FJ,Osdorp-Midden,7
2005,wijken,FK,Osdorp-Oost,5
2005,wijken,FL,Slotervaart-Noord,5.7
2005,wijken,FM,Overtoomse Veld,9.2
2005,wijken,FN,Slotervaart-Zuid,6.3
2005,wijken,FP,Westlandgracht,4.6
2005,wijken,FQ,Sloten/Nieuw-Sloten,6.8
2005,wijken,KA,Hoofddorppleinbuurt,2.3
2005,wijken,KB,Schinkelbuurt,2.5
2005,wijken,KC,Willemspark,3.8
2005,wijken,KD,Museumkwartier,3.3
2005,wijken,KE,Oude Pijp,2.2
2005,wijken,KF,Nieuwe Pijp,2.6
2005,wijken,KG,Zuid Pijp,4.9
2005,wijken,KH,Stadionbuurt,3.3
2005,wijken,KJ,Apollobuurt,4
2005,wijken,KK,Scheldebuurt,2.8
2005,wijken,KL,IJselbuurt,3.4
2005,wijken,KM,Rijnbuurt,2.9
2005,wijken,KN,Prinses Irenebuurt e.o.,3.5
2005,wijken,KP,Zuidas,2.7
2005,wijken,KQ,Buitenveldert-West,3.3
2005,wijken,KR,Buitenveldert-Oost,2.1
2005,wijken,MA,Oostelijk Havengebied,4.3
2005,wijken,MB,Weesperzijde,3.4
2005,wijken,MC,Oosterparkbuurt,4.2
2005,wijken,MD,Transvaalbuurt,6.3
2005,wijken,ME,Dapperbuurt,4.5
2005,wijken,MF,Indische Buurt-West,4.8
2005,wijken,MG,Indische Buurt-Oost,5.2
2005,wijken,MH,Zeeburgereiland/Bovendiep,2.6
2005,wijken,MJ,IJburg-West,3.5
2005,wijken,MK,IJburg-Oost,
2005,wijken,ML,IJburg-Zuid,
2005,wijken,MM,Frankendael,4.2
2005,wijken,MN,Middenmeer,4.5
2005,wijken,MP,Betondorp,2.4
2005,wijken,MQ,Omval/Overamstel,1.5
2005,wijken,NB,Noordelijke IJ-oevers-West,3.5
2005,wijken,NC,Tuindorp Oostzaan,5.7
2005,wijken,ND,Kadoelen,5.8
2005,wijken,NE,Banne Buiksloot,6.5
2005,wijken,NF,Nieuwendammerdijk/Buiksloterdijk,6.6
2005,wijken,NG,Elzenhagen,7.1
2005,wijken,NH,Buikslotermeer,5
2005,wijken,NJ,Waterlandpleinbuurt,6.8
2005,wijken,NK,Volewijck,5.5
2005,wijken,NL,IJplein/Vogelbuurt,6.9
2005,wijken,NM,Tuindorp Buiksloot,6.2
2005,wijken,NN,Tuindorp Nieuwendam,5.2
2005,wijken,NP,Noordelijke IJ-oevers-Oost,2.7
2005,wijken,NQ,Waterland,5.6
2005,wijken,SA,Driemond,7.4
2005,wijken,TA,Amstel III/Bullewijk,0
2005,wijken,TB,Venserpolder,5.8
2005,wijken,TC,Amsterdamse Poort e.o.,7.8
2005,wijken,TD,H-buurt,7
2005,wijken,TE,Ganzenhoef e.o.,7.6
2005,wijken,TF,Geerdinkhof/Kantershof,4.2
2005,wijken,TG,Bijlmermuseum,7
2005,wijken,TH,K-buurt,6.1
2005,wijken,TJ,Holendrecht,8.6
2005,wijken,TK,Nellestein,2.5
2005,wijken,TL,Reigersbos,6
2005,wijken,TM,Gein,8.8
2006,wijken,AA,Haarlemmerbuurt,3.3
2006,wijken,AB,Jordaan,2.3
2006,wijken,AC,Grachtengordel-West,1.5
2006,wijken,AD,Burgwallen-Nieuwe Zijde,1
2006,wijken,AE,Burgwallen-Oude Zijde,1.9
2006,wijken,AF,Nieuwmarkt/Lastage,2.4
2006,wijken,AG,Grachtengordel-Zuid,2
2006,wijken,AH,De Weteringschans,2
2006,wijken,AJ,Weesperbuurt/Plantage,2.3
2006,wijken,AK,Oostelijke Eilanden/Kadijken,4.8
2006,wijken,EA,Sloterdijk-West,1.6
2006,wijken,EB,Spaarndammerbuurt/Zeeheldenbuurt,4.9
2006,wijken,EC,Houthavens,0.8
2006,wijken,ED,De Kolenkit,8.3
2006,wijken,EE,Landlust,4.7
2006,wijken,EF,Erasmuspark,3.3
2006,wijken,EG,Centrale Markt,5.9
2006,wijken,EH,Staatsliedenbuurt,3.3
2006,wijken,EJ,Frederik Hendrikbuurt,2.5
2006,wijken,EK,Van Galenbuurt,3.5
2006,wijken,EL,Geuzenbuurt,2.3
2006,wijken,EM,Hoofdweg e.o.,2.9
2006,wijken,EN,Chassébuurt,5.8
2006,wijken,EP,Bellamybuurt,2.5
2006,wijken,EQ,Da Costabuurt,2.9
2006,wijken,ER,Westindische Buurt,2.9
2006,wijken,ES,Van Lennepbuurt,3.6
2006,wijken,ET,Overtoomse Sluis,2.1
2006,wijken,EU,Helmersbuurt,2.8
2006,wijken,EV,Vondelparkbuurt,3.2
2006,wijken,FA,Sloterdijk Nieuw-West,3
2006,wijken,FB,Geuzenveld,7.7
2006,wijken,FC,Slotermeer-West,7.3
2006,wijken,FD,Slotermeer-Noordoost,5.8
2006,wijken,FE,Slotermeer-Zuidoost,3.4
2006,wijken,FF,Lutkemeer/Ookmeer,7.5
2006,wijken,FG,De Aker,7.5
2006,wijken,FH,De Punt,5.2
2006,wijken,FJ,Osdorp-Midden,6.5
2006,wijken,FK,Osdorp-Oost,5
2006,wijken,FL,Slotervaart-Noord,6.3
2006,wijken,FM,Overtoomse Veld,9.5
2006,wijken,FN,Slotervaart-Zuid,6.5
2006,wijken,FP,Westlandgracht,4.2
2006,wijken,FQ,Sloten/Nieuw-Sloten,7.5
2006,wijken,KA,Hoofddorppleinbuurt,2.2
2006,wijken,KB,Schinkelbuurt,2.5
2006,wijken,KC,Willemspark,3.9
2006,wijken,KD,Museumkwartier,3.3
2006,wijken,KE,Oude Pijp,2.1
2006,wijken,KF,Nieuwe Pijp,2.6
2006,wijken,KG,Zuid Pijp,4.9
2006,wijken,KH,Stadionbuurt,3.6
2006,wijken,KJ,Apollobuurt,3.8
2006,wijken,KK,Scheldebuurt,2.7
2006,wijken,KL,IJselbuurt,3.3
2006,wijken,KM,Rijnbuurt,2.7
2006,wijken,KN,Prinses Irenebuurt e.o.,4.1
2006,wijken,KP,Zuidas,3.4
2006,wijken,KQ,Buitenveldert-West,3.4
2006,wijken,KR,Buitenveldert-Oost,2.3
2006,wijken,MA,Oostelijk Havengebied,4.4
2006,wijken,MB,Weesperzijde,3.1
2006,wijken,MC,Oosterparkbuurt,4.5
2006,wijken,MD,Transvaalbuurt,6.5
2006,wijken,ME,Dapperbuurt,4.4
2006,wijken,MF,Indische Buurt-West,4.6
2006,wijken,MG,Indische Buurt-Oost,5.2
2006,wijken,MH,Zeeburgereiland/Bovendiep,2.8
2006,wijken,MJ,IJburg-West,4
2006,wijken,MK,IJburg-Oost,
2006,wijken,ML,IJburg-Zuid,
2006,wijken,MM,Frankendael,4.3
2006,wijken,MN,Middenmeer,4.9
2006,wijken,MP,Betondorp,2.4
2006,wijken,MQ,Omval/Overamstel,1.1
2006,wijken,NB,Noordelijke IJ-oevers-West,1.8
2006,wijken,NC,Tuindorp Oostzaan,5.6
2006,wijken,ND,Kadoelen,5.7
2006,wijken,NE,Banne Buiksloot,6.8
2006,wijken,NF,Nieuwendammerdijk/Buiksloterdijk,6.7
2006,wijken,NG,Elzenhagen,6.4
2006,wijken,NH,Buikslotermeer,5
2006,wijken,NJ,Waterlandpleinbuurt,6.7
2006,wijken,NK,Volewijck,5.5
2006,wijken,NL,IJplein/Vogelbuurt,6.3
2006,wijken,NM,Tuindorp Buiksloot,5.5
2006,wijken,NN,Tuindorp Nieuwendam,5
2006,wijken,NP,Noordelijke IJ-oevers-Oost,4.1
2006,wijken,NQ,Waterland,5.7
2006,wijken,SA,Driemond,6.6
2006,wijken,TA,Amstel III/Bullewijk,0
2006,wijken,TB,Venserpolder,5.8
2006,wijken,TC,Amsterdamse Poort e.o.,7.6
2006,wijken,TD,H-buurt,7.2
2006,wijken,TE,Ganzenhoef e.o.,7.3
2006,wijken,TF,Geerdinkhof/Kantershof,4.5
2006,wijken,TG,Bijlmermuseum,7.1
2006,wijken,TH,K-buurt,6.1
2006,wijken,TJ,Holendrecht,8.6
2006,wijken,TK,Nellestein,2.2
2006,wijken,TL,Reigersbos,5.8
2006,wijken,TM,Gein,8.5
2007,wijken,AA,Haarlemmerbuurt,3.1
2007,wijken,AB,Jordaan,2.3
2007,wijken,AC,Grachtengordel-West,1.6
2007,wijken,AD,Burgwallen-Nieuwe Zijde,1
2007,wijken,AE,Burgwallen-Oude Zijde,2.1
2007,wijken,AF,Nieuwmarkt/Lastage,2.7
2007,wijken,AG,Grachtengordel-Zuid,2.2
2007,wijken,AH,De Weteringschans,2.2
2007,wijken,AJ,Weesperbuurt/Plantage,2.3
2007,wijken,AK,Oostelijke Eilanden/Kadijken,4.9
2007,wijken,EA,Sloterdijk-West,1.4
2007,wijken,EB,Spaarndammerbuurt/Zeeheldenbuurt,4.9
2007,wijken,EC,Houthavens,0.8
2007,wijken,ED,De Kolenkit,8
2007,wijken,EE,Landlust,4.6
2007,wijken,EF,Erasmuspark,3.1
2007,wijken,EG,Centrale Markt,6
2007,wijken,EH,Staatsliedenbuurt,3.2
2007,wijken,EJ,Frederik Hendrikbuurt,2.8
2007,wijken,EK,Van Galenbuurt,3.5
2007,wijken,EL,Geuzenbuurt,2.2
2007,wijken,EM,Hoofdweg e.o.,2.9
2007,wijken,EN,Chassébuurt,5.5
2007,wijken,EP,Bellamybuurt,2.7
2007,wijken,EQ,Da Costabuurt,2.5
2007,wijken,ER,Westindische Buurt,3
2007,wijken,ES,Van Lennepbuurt,3.1
2007,wijken,ET,Overtoomse Sluis,2.3
2007,wijken,EU,Helmersbuurt,2.6
2007,wijken,EV,Vondelparkbuurt,3.3
2007,wijken,FA,Sloterdijk Nieuw-West,1.3
2007,wijken,FB,Geuzenveld,7.5
2007,wijken,FC,Slotermeer-West,7.3
2007,wijken,FD,Slotermeer-Noordoost,5.7
2007,wijken,FE,Slotermeer-Zuidoost,3.8
2007,wijken,FF,Lutkemeer/Ookmeer,7.9
2007,wijken,FG,De Aker,7.5
2007,wijken,FH,De Punt,5.2
2007,wijken,FJ,Osdorp-Midden,6.3
2007,wijken,FK,Osdorp-Oost,5
2007,wijken,FL,Slotervaart-Noord,6.2
2007,wijken,FM,Overtoomse Veld,8.7
2007,wijken,FN,Slotervaart-Zuid,6.7
2007,wijken,FP,Westlandgracht,3.8
2007,wijken,FQ,Sloten/Nieuw-Sloten,8
2007,wijken,KA,Hoofddorppleinbuurt,2.2
2007,wijken,KB,Schinkelbuurt,2.3
2007,wijken,KC,Willemspark,4
2007,wijken,KD,Museumkwartier,3.2
2007,wijken,KE,Oude Pijp,2
2007,wijken,KF,Nieuwe Pijp,2.5
2007,wijken,KG,Zuid Pijp,4.7
2007,wijken,KH,Stadionbuurt,3.5
2007,wijken,KJ,Apollobuurt,4.1
2007,wijken,KK,Scheldebuurt,3
2007,wijken,KL,IJselbuurt,3.4
2007,wijken,KM,Rijnbuurt,2.6
2007,wijken,KN,Prinses Irenebuurt e.o.,4.4
2007,wijken,KP,Zuidas,1.2
2007,wijken,KQ,Buitenveldert-West,3.2
2007,wijken,KR,Buitenveldert-Oost,2.4
2007,wijken,MA,Oostelijk Havengebied,4.4
2007,wijken,MB,Weesperzijde,3.4
2007,wijken,MC,Oosterparkbuurt,4.7
2007,wijken,MD,Transvaalbuurt,6.2
2007,wijken,ME,Dapperbuurt,4.4
2007,wijken,MF,Indische Buurt-West,4.4
2007,wijken,MG,Indische Buurt-Oost,5.1
2007,wijken,MH,Zeeburgereiland/Bovendiep,2.2
2007,wijken,MJ,IJburg-West,3.9
2007,wijken,MK,IJburg-Oost,
2007,wijken,ML,IJburg-Zuid,
2007,wijken,MM,Frankendael,4.6
2007,wijken,MN,Middenmeer,5.1
2007,wijken,MP,Betondorp,2.5
2007,wijken,MQ,Omval/Overamstel,0.7
2007,wijken,NB,Noordelijke IJ-oevers-West,2.1
2007,wijken,NC,Tuindorp Oostzaan,5.5
2007,wijken,ND,Kadoelen,5.9
2007,wijken,NE,Banne Buiksloot,6.5
2007,wijken,NF,Nieuwendammerdijk/Buiksloterdijk,5.8
2007,wijken,NG,Elzenhagen,7.2
2007,wijken,NH,Buikslotermeer,5
2007,wijken,NJ,Waterlandpleinbuurt,6.5
2007,wijken,NK,Volewijck,5.4
2007,wijken,NL,IJplein/Vogelbuurt,6.1
2007,wijken,NM,Tuindorp Buiksloot,5.4
2007,wijken,NN,Tuindorp Nieuwendam,4.8
2007,wijken,NP,Noordelijke IJ-oevers-Oost,3.7
2007,wijken,NQ,Waterland,6
2007,wijken,SA,Driemond,6.4
2007,wijken,TA,Amstel III/Bullewijk,0
2007,wijken,TB,Venserpolder,5.7
2007,wijken,TC,Amsterdamse Poort e.o.,7.3
2007,wijken,TD,H-buurt,6.8
2007,wijken,TE,Ganzenhoef e.o.,7.7
2007,wijken,TF,Geerdinkhof/Kantershof,4.2
2007,wijken,TG,Bijlmermuseum,7
2007,wijken,TH,K-buurt,7.1
2007,wijken,TJ,Holendrecht,8.8
2007,wijken,TK,Nellestein,2.3
2007,wijken,TL,Reigersbos,6.1
2007,wijken,TM,Gein,8
2008,wijken,AA,Haarlemmerbuurt,3.3
2008,wijken,AB,Jordaan,2.2
2008,wijken,AC,Grachtengordel-West,1.6
2008,wijken,AD,Burgwallen-Nieuwe Zijde,0.8
2008,wijken,AE,Burgwallen-Oude Zijde,1.9
2008,wijken,AF,Nieuwmarkt/Lastage,2.7
2008,wijken,AG,Grachtengordel-Zuid,2.2
2008,wijken,AH,De Weteringschans,2.3
2008,wijken,AJ,Weesperbuurt/Plantage,2.3
2008,wijken,AK,Oostelijke Eilanden/Kadijken,4.5
2008,wijken,EA,Sloterdijk-West,1.5
2008,wijken,EB,Spaarndammerbuurt/Zeeheldenbuurt,4.8
2008,wijken,EC,Houthavens,0.8
2008,wijken,ED,De Kolenkit,7.8
2008,wijken,EE,Landlust,4.5
2008,wijken,EF,Erasmuspark,3.2
2008,wijken,EG,Centrale Markt,6.7
2008,wijken,EH,Staatsliedenbuurt,3.2
2008,wijken,EJ,Frederik Hendrikbuurt,2.9
2008,wijken,EK,Van Galenbuurt,3.4
2008,wijken,EL,Geuzenbuurt,2.3
2008,wijken,EM,Hoofdweg e.o.,2.8
2008,wijken,EN,Chassébuurt,5.3
2008,wijken,EP,Bellamybuurt,2.5
2008,wijken,EQ,Da Costabuurt,2.6
2008,wijken,ER,Westindische Buurt,2.8
2008,wijken,ES,Van Lennepbuurt,2.8
2008,wijken,ET,Overtoomse Sluis,2.4
2008,wijken,EU,Helmersbuurt,2.4
2008,wijken,EV,Vondelparkbuurt,3.8
2008,wijken,FA,Sloterdijk Nieuw-West,5.4
2008,wijken,FB,Geuzenveld,6.8
2008,wijken,FC,Slotermeer-West,7.3
2008,wijken,FD,Slotermeer-Noordoost,5.9
2008,wijken,FE,Slotermeer-Zuidoost,4.2
2008,wijken,FF,Lutkemeer/Ookmeer,7.2
2008,wijken,FG,De Aker,7.4
2008,wijken,FH,De Punt,5
2008,wijken,FJ,Osdorp-Midden,6.3
2008,wijken,FK,Osdorp-Oost,5
2008,wijken,FL,Slotervaart-Noord,6.5
2008,wijken,FM,Overtoomse Veld,8.3
2008,wijken,FN,Slotervaart-Zuid,6.4
2008,wijken,FP,Westlandgracht,3.4
2008,wijken,FQ,Sloten/Nieuw-Sloten,8.1
2008,wijken,KA,Hoofddorppleinbuurt,2.3
2008,wijken,KB,Schinkelbuurt,2.3
2008,wijken,KC,Willemspark,3.8
2008,wijken,KD,Museumkwartier,3.2
2008,wijken,KE,Oude Pijp,2.1
2008,wijken,KF,Nieuwe Pijp,2.3
2008,wijken,KG,Zuid Pijp,4.5
2008,wijken,KH,Stadionbuurt,3.4
2008,wijken,KJ,Apollobuurt,4.2
2008,wijken,KK,Scheldebuurt,3
2008,wijken,KL,IJselbuurt,2.8
2008,wijken,KM,Rijnbuurt,2.6
2008,wijken,KN,Prinses Irenebuurt e.o.,4.5
2008,wijken,KP,Zuidas,3.1
2008,wijken,KQ,Buitenveldert-West,3.3
2008,wijken,KR,Buitenveldert-Oost,2.4
2008,wijken,MA,Oostelijk Havengebied,4.5
2008,wijken,MB,Weesperzijde,3.4
2008,wijken,MC,Oosterparkbuurt,4.8
2008,wijken,MD,Transvaalbuurt,6.1
2008,wijken,ME,Dapperbuurt,4.7
2008,wijken,MF,Indische Buurt-West,4.4
2008,wijken,MG,Indische Buurt-Oost,5
2008,wijken,MH,Zeeburgereiland/Bovendiep,2.2
2008,wijken,MJ,IJburg-West,4.1
2008,wijken,MK,IJburg-Oost,
2008,wijken,ML,IJburg-Zuid,7.2
2008,wijken,MM,Frankendael,4.3
2008,wijken,MN,Middenmeer,5
2008,wijken,MP,Betondorp,2.8
2008,wijken,MQ,Omval/Overamstel,1
2008,wijken,NB,Noordelijke IJ-oevers-West,1.5
2008,wijken,NC,Tuindorp Oostzaan,5.2
2008,wijken,ND,Kadoelen,6.7
2008,wijken,NE,Banne Buiksloot,6.6
2008,wijken,NF,Nieuwendammerdijk/Buiksloterdijk,6.4
2008,wijken,NG,Elzenhagen,8.6
2008,wijken,NH,Buikslotermeer,4.9
2008,wijken,NJ,Waterlandpleinbuurt,6.4
2008,wijken,NK,Volewijck,5.3
2008,wijken,NL,IJplein/Vogelbuurt,6
2008,wijken,NM,Tuindorp Buiksloot,5.7
2008,wijken,NN,Tuindorp Nieuwendam,4.6
2008,wijken,NP,Noordelijke IJ-oevers-Oost,3.2
2008,wijken,NQ,Waterland,6.3
2008,wijken,SA,Driemond,6.7
2008,wijken,TA,Amstel III/Bullewijk,4.1
2008,wijken,TB,Venserpolder,5.3
2008,wijken,TC,Amsterdamse Poort e.o.,7.4
2008,wijken,TD,H-buurt,6.7
2008,wijken,TE,Ganzenhoef e.o.,7.3
2008,wijken,TF,Geerdinkhof/Kantershof,3.8
2008,wijken,TG,Bijlmermuseum,7.2
2008,wijken,TH,K-buurt,7.1
2008,wijken,TJ,Holendrecht,8.3
2008,wijken,TK,Nellestein,2.5
2008,wijken,TL,Reigersbos,5.9
2008,wijken,TM,Gein,7.5
2009,wijken,AA,Haarlemmerbuurt,3.2
2009,wijken,AB,Jordaan,2.1
2009,wijken,AC,Grachtengordel-West,1.8
2009,wijken,AD,Burgwallen-Nieuwe Zijde,0.8
2009,wijken,AE,Burgwallen-Oude Zijde,1.6
2009,wijken,AF,Nieuwmarkt/Lastage,2.8
2009,wijken,AG,Grachtengordel-Zuid,2.2
2009,wijken,AH,De Weteringschans,2.3
2009,wijken,AJ,Weesperbuurt/Plantage,2.2
2009,wijken,AK,Oostelijke Eilanden/Kadijken,4.4
2009,wijken,EA,Sloterdijk-West,1.6
2009,wijken,EB,Spaarndammerbuurt/Zeeheldenbuurt,4.3
2009,wijken,EC,Houthavens,0.7
2009,wijken,ED,De Kolenkit,7.2
2009,wijken,EE,Landlust,4.2
2009,wijken,EF,Erasmuspark,3.6
2009,wijken,EG,Centrale Markt,6.7
2009,wijken,EH,Staatsliedenbuurt,3.2
2009,wijken,EJ,Frederik Hendrikbuurt,3
2009,wijken,EK,Van Galenbuurt,3.1
2009,wijken,EL,Geuzenbuurt,2.2
2009,wijken,EM,Hoofdweg e.o.,2.9
2009,wijken,EN,Chassébuurt,5
2009,wijken,EP,Bellamybuurt,2.5
2009,wijken,EQ,Da Costabuurt,2.4
2009,wijken,ER,Westindische Buurt,2.9
2009,wijken,ES,Van Lennepbuurt,2.9
2009,wijken,ET,Overtoomse Sluis,2.2
2009,wijken,EU,Helmersbuurt,2.5
2009,wijken,EV,Vondelparkbuurt,4
2009,wijken,FA,Sloterdijk Nieuw-West,4.1
2009,wijken,FB,Geuzenveld,6.5
2009,wijken,FC,Slotermeer-West,6.7
2009,wijken,FD,Slotermeer-Noordoost,5.6
2009,wijken,FE,Slotermeer-Zuidoost,4
2009,wijken,FF,Lutkemeer/Ookmeer,7.4
2009,wijken,FG,De Aker,7.4
2009,wijken,FH,De Punt,4.7
2009,wijken,FJ,Osdorp-Midden,6.1
2009,wijken,FK,Osdorp-Oost,4.8
2009,wijken,FL,Slotervaart-Noord,6.5
2009,wijken,FM,Overtoomse Veld,7.8
2009,wijken,FN,Slotervaart-Zuid,6.1
2009,wijken,FP,Westlandgracht,3
2009,wijken,FQ,Sloten/Nieuw-Sloten,8
2009,wijken,KA,Hoofddorppleinbuurt,2.2
2009,wijken,KB,Schinkelbuurt,2.4
2009,wijken,KC,Willemspark,3.9
2009,wijken,KD,Museumkwartier,3.6
2009,wijken,KE,Oude Pijp,2.1
2009,wijken,KF,Nieuwe Pijp,2.3
2009,wijken,KG,Zuid Pijp,4.4
2009,wijken,KH,Stadionbuurt,3.2
2009,wijken,KJ,Apollobuurt,4.3
2009,wijken,KK,Scheldebuurt,2.8
2009,wijken,KL,IJselbuurt,2.9
2009,wijken,KM,Rijnbuurt,2.6
2009,wijken,KN,Prinses Irenebuurt e.o.,4.5
2009,wijken,KP,Zuidas,2
2009,wijken,KQ,Buitenveldert-West,3.2
2009,wijken,KR,Buitenveldert-Oost,2.2
2009,wijken,MA,Oostelijk Havengebied,4.5
2009,wijken,MB,Weesperzijde,3.1
2009,wijken,MC,Oosterparkbuurt,4.6
2009,wijken,MD,Transvaalbuurt,5.8
2009,wijken,ME,Dapperbuurt,4.6
2009,wijken,MF,Indische Buurt-West,4.1
2009,wijken,MG,Indische Buurt-Oost,5.2
2009,wijken,MH,Zeeburgereiland/Bovendiep,2
2009,wijken,MJ,IJburg-West,4.2
2009,wijken,MK,IJburg-Oost,
2009,wijken,ML,IJburg-Zuid,5.1
2009,wijken,MM,Frankendael,4.3
2009,wijken,MN,Middenmeer,5
2009,wijken,MP,Betondorp,3.1
2009,wijken,MQ,Omval/Overamstel,0.9
2009,wijken,NB,Noordelijke IJ-oevers-West,1.8
2009,wijken,NC,Tuindorp Oostzaan,5.1
2009,wijken,ND,Kadoelen,6.1
2009,wijken,NE,Banne Buiksloot,6.2
2009,wijken,NF,Nieuwendammerdijk/Buiksloterdijk,6.5
2009,wijken,NG,Elzenhagen,7.6
2009,wijken,NH,Buikslotermeer,5
2009,wijken,NJ,Waterlandpleinbuurt,6.3
2009,wijken,NK,Volewijck,5.4
2009,wijken,NL,IJplein/Vogelbuurt,5.4
2009,wijken,NM,Tuindorp Buiksloot,5.2
2009,wijken,NN,Tuindorp Nieuwendam,4.7
2009,wijken,NP,Noordelijke IJ-oevers-Oost,2.5
2009,wijken,NQ,Waterland,5.6
2009,wijken,SA,Driemond,6.5
2009,wijken,TA,Amstel III/Bullewijk,3.9
2009,wijken,TB,Venserpolder,5
2009,wijken,TC,Amsterdamse Poort e.o.,7
2009,wijken,TD,H-buurt,6.4
2009,wijken,TE,Ganzenhoef e.o.,7.2
2009,wijken,TF,Geerdinkhof/Kantershof,3.9
2009,wijken,TG,Bijlmermuseum,6.8
2009,wijken,TH,K-buurt,7
2009,wijken,TJ,Holendrecht,7.9
2009,wijken,TK,Nellestein,2.2
2009,wijken,TL,Reigersbos,5.5
2009,wijken,TM,Gein,6.9
2010,wijken,AA,Haarlemmerbuurt,3
2010,wijken,AB,Jordaan,2.1
2010,wijken,AC,Grachtengordel-West,1.9
2010,wijken,AD,Burgwallen-Nieuwe Zijde,1.1
2010,wijken,AE,Burgwallen-Oude Zijde,1.7
2010,wijken,AF,Nieuwmarkt/Lastage,2.6
2010,wijken,AG,Grachtengordel-Zuid,2.3
2010,wijken,AH,De Weteringschans,2.1
2010,wijken,AJ,Weesperbuurt/Plantage,2.4
2010,wijken,AK,Oostelijke Eilanden/Kadijken,4.1
2010,wijken,EA,Sloterdijk-West,2.2
2010,wijken,EB,Spaarndammerbuurt/Zeeheldenbuurt,4.2
2010,wijken,EC,Houthavens,1
2010,wijken,ED,De Kolenkit,6.8
2010,wijken,EE,Landlust,4
2010,wijken,EF,Erasmuspark,3.4
2010,wijken,EG,Centrale Markt,6.5
2010,wijken,EH,Staatsliedenbuurt,3.3
2010,wijken,EJ,Frederik Hendrikbuurt,2.9
2010,wijken,EK,Van Galenbuurt,2.9
2010,wijken,EL,Geuzenbuurt,2.3
2010,wijken,EM,Hoofdweg e.o.,3
2010,wijken,EN,Chassébuurt,4.7
2010,wijken,EP,Bellamybuurt,2.4
2010,wijken,EQ,Da Costabuurt,2.2
2010,wijken,ER,Westindische Buurt,2.6
2010,wijken,ES,Van Lennepbuurt,3.1
2010,wijken,ET,Overtoomse Sluis,2.4
2010,wijken,EU,Helmersbuurt,2.4
2010,wijken,EV,Vondelparkbuurt,3.3
2010,wijken,FA,Sloterdijk Nieuw-West,2.9
2010,wijken,FB,Geuzenveld,6.2
2010,wijken,FC,Slotermeer-West,6.6
2010,wijken,FD,Slotermeer-Noordoost,5.2
2010,wijken,FE,Slotermeer-Zuidoost,4.3
2010,wijken,FF,Lutkemeer/Ookmeer,6.9
2010,wijken,FG,De Aker,7.5
2010,wijken,FH,De Punt,4.7
2010,wijken,FJ,Osdorp-Midden,5.8
2010,wijken,FK,Osdorp-Oost,4.5
2010,wijken,FL,Slotervaart-Noord,6.3
2010,wijken,FM,Overtoomse Veld,7.6
2010,wijken,FN,Slotervaart-Zuid,5.8
2010,wijken,FP,Westlandgracht,2.6
2010,wijken,FQ,Sloten/Nieuw-Sloten,7.9
2010,wijken,KA,Hoofddorppleinbuurt,2.3
2010,wijken,KB,Schinkelbuurt,2.4
2010,wijken,KC,Willemspark,3.9
2010,wijken,KD,Museumkwartier,3.5
2010,wijken,KE,Oude Pijp,2.3
2010,wijken,KF,Nieuwe Pijp,2.2
2010,wijken,KG,Zuid Pijp,4.3
2010,wijken,KH,Stadionbuurt,3
2010,wijken,KJ,Apollobuurt,4.4
2010,wijken,KK,Scheldebuurt,2.9
2010,wijken,KL,IJselbuurt,2.7
2010,wijken,KM,Rijnbuurt,2.5
2010,wijken,KN,Prinses Irenebuurt e.o.,4.3
2010,wijken,KP,Zuidas,1.3
2010,wijken,KQ,Buitenveldert-West,3.1
2010,wijken,KR,Buitenveldert-Oost,2.4
2010,wijken,MA,Oostelijk Havengebied,4.4
2010,wijken,MB,Weesperzijde,3.1
2010,wijken,MC,Oosterparkbuurt,4.2
2010,wijken,MD,Transvaalbuurt,5.8
2010,wijken,ME,Dapperbuurt,4.9
2010,wijken,MF,Indische Buurt-West,3.9
2010,wijken,MG,Indische Buurt-Oost,4.8
2010,wijken,MH,Zeeburgereiland/Bovendiep,2.8
2010,wijken,MJ,IJburg-West,4.3
2010,wijken,MK,IJburg-Oost,
2010,wijken,ML,IJburg-Zuid,4.6
2010,wijken,MM,Frankendael,3.9
2010,wijken,MN,Middenmeer,5.1
2010,wijken,MP,Betondorp,2.5
2010,wijken,MQ,Omval/Overamstel,1
2010,wijken,NB,Noordelijke IJ-oevers-West,1.7
2010,wijken,NC,Tuindorp Oostzaan,4.6
2010,wijken,ND,Kadoelen,6.2
2010,wijken,NE,Banne Buiksloot,6.4
2010,wijken,NF,Nieuwendammerdijk/Buiksloterdijk,5.5
2010,wijken,NG,Elzenhagen,7.2
2010,wijken,NH,Buikslotermeer,4.8
2010,wijken,NJ,Waterlandpleinbuurt,6.9
2010,wijken,NK,Volewijck,5.2
2010,wijken,NL,IJplein/Vogelbuurt,5.3
2010,wijken,NM,Tuindorp Buiksloot,5
2010,wijken,NN,Tuindorp Nieuwendam,4.2
2010,wijken,NP,Noordelijke IJ-oevers-Oost,1.5
2010,wijken,NQ,Waterland,5.9
2010,wijken,SA,Driemond,6.2
2010,wijken,TA,Amstel III/Bullewijk,7.3
2010,wijken,TB,Venserpolder,4.7
2010,wijken,TC,Amsterdamse Poort e.o.,7.2
2010,wijken,TD,H-buurt,6.5
2010,wijken,TE,Ganzenhoef e.o.,7.1
2010,wijken,TF,Geerdinkhof/Kantershof,3.8
2010,wijken,TG,Bijlmermuseum,6.7
2010,wijken,TH,K-buurt,7
2010,wijken,TJ,Holendrecht,7.7
2010,wijken,TK,Nellestein,2.4
2010,wijken,TL,Reigersbos,5.1
2010,wijken,TM,Gein,6.3
2011,wijken,AA,Haarlemmerbuurt,2.9
2011,wijken,AB,Jordaan,2.2
2011,wijken,AC,Grachtengordel-West,2
2011,wijken,AD,Burgwallen-Nieuwe Zijde,1
2011,wijken,AE,Burgwallen-Oude Zijde,1.5
2011,wijken,AF,Nieuwmarkt/Lastage,2.7
2011,wijken,AG,Grachtengordel-Zuid,2.1
2011,wijken,AH,De Weteringschans,2.2
2011,wijken,AJ,Weesperbuurt/Plantage,2.2
2011,wijken,AK,Oostelijke Eilanden/Kadijken,3.9
2011,wijken,BA,Havens-West,2.3
2011,wijken,BB,Coenhaven/Minervahaven,10
2011,wijken,EA,Sloterdijk-West,2
2011,wijken,EB,Spaarndammerbuurt/Zeeheldenbuurt,3.9
2011,wijken,EC,Houthavens,0.7
2011,wijken,ED,De Kolenkit,6.8
2011,wijken,EE,Landlust,3.7
2011,wijken,EF,Erasmuspark,3.4
2011,wijken,EG,Centrale Markt,6.9
2011,wijken,EH,Staatsliedenbuurt,3.2
2011,wijken,EJ,Frederik Hendrikbuurt,2.8
2011,wijken,EK,Van Galenbuurt,2.9
2011,wijken,EL,Geuzenbuurt,2.3
2011,wijken,EM,Hoofdweg e.o.,3.1
2011,wijken,EN,Chassébuurt,4.4
2011,wijken,EP,Bellamybuurt,2.2
2011,wijken,EQ,Da Costabuurt,2.2
2011,wijken,ER,Westindische Buurt,2.5
2011,wijken,ES,Van Lennepbuurt,3.1
2011,wijken,ET,Overtoomse Sluis,2.4
2011,wijken,EU,Helmersbuurt,2.5
2011,wijken,EV,Vondelparkbuurt,2.9
2011,wijken,FA,Sloterdijk Nieuw-West,3.9
2011,wijken,FB,Geuzenveld,5.8
2011,wijken,FC,Slotermeer-West,6.5
2011,wijken,FD,Slotermeer-Noordoost,5.2
2011,wijken,FE,Slotermeer-Zuidoost,4.3
2011,wijken,FF,Lutkemeer/Ookmeer,6.3
2011,wijken,FG,De Aker,7.6
2011,wijken,FH,De Punt,4.6
2011,wijken,FJ,Osdorp-Midden,5.7
2011,wijken,FK,Osdorp-Oost,4.6
2011,wijken,FL,Slotervaart-Noord,6.6
2011,wijken,FM,Overtoomse Veld,7
2011,wijken,FN,Slotervaart-Zuid,5.4
2011,wijken,FP,Westlandgracht,3.2
2011,wijken,FQ,Sloten/Nieuw-Sloten,7.4
2011,wijken,KA,Hoofddorppleinbuurt,2.2
2011,wijken,KB,Schinkelbuurt,2.2
2011,wijken,KC,Willemspark,3.8
2011,wijken,KD,Museumkwartier,3.4
2011,wijken,KE,Oude Pijp,2.1
2011,wijken,KF,Nieuwe Pijp,2.1
2011,wijken,KG,Zuid Pijp,4.1
2011,wijken,KH,Stadionbuurt,2.8
2011,wijken,KJ,Apollobuurt,4.5
2011,wijken,KK,Scheldebuurt,2.9
2011,wijken,KL,IJselbuurt,2.9
2011,wijken,KM,Rijnbuurt,2.6
2011,wijken,KN,Prinses Irenebuurt e.o.,3.7
2011,wijken,KP,Zuidas,1
2011,wijken,KQ,Buitenveldert-West,3
2011,wijken,KR,Buitenveldert-Oost,2.3
2011,wijken,MA,Oostelijk Havengebied,4.6
2011,wijken,MB,Weesperzijde,3.1
2011,wijken,MC,Oosterparkbuurt,4
2011,wijken,MD,Transvaalbuurt,5.5
2011,wijken,ME,Dapperbuurt,4.6
2011,wijken,MF,Indische Buurt-West,3.8
2011,wijken,MG,Indische Buurt-Oost,4.6
2011,wijken,MH,Zeeburgereiland/Bovendiep,1.9
2011,wijken,MJ,IJburg-West,4.5
2011,wijken,MK,IJburg-Oost,
2011,wijken,ML,IJburg-Zuid,4.2
2011,wijken,MM,Frankendael,3.7
2011,wijken,MN,Middenmeer,4.9
2011,wijken,MP,Betondorp,2.8
2011,wijken,MQ,Omval/Overamstel,1.1
2011,wijken,NA,Oostzanerwerf,7.2
2011,wijken,NB,Noordelijke IJ-oevers-West,2.7
2011,wijken,NC,Tuindorp Oostzaan,4.6
2011,wijken,ND,Kadoelen,6.2
2011,wijken,NE,Banne Buiksloot,6.4
2011,wijken,NF,Nieuwendammerdijk/Buiksloterdijk,5.7
2011,wijken,NG,Elzenhagen,7.3
2011,wijken,NH,Buikslotermeer,5.2
2011,wijken,NJ,Waterlandpleinbuurt,6.9
2011,wijken,NK,Volewijck,4.9
2011,wijken,NL,IJplein/Vogelbuurt,5.1
2011,wijken,NM,Tuindorp Buiksloot,4.4
2011,wijken,NN,Tuindorp Nieuwendam,4.5
2011,wijken,NP,Noordelijke IJ-oevers-Oost,0.8
2011,wijken,NQ,Waterland,6.2
2011,wijken,SA,Driemond,6.7
2011,wijken,TA,Amstel III/Bullewijk,7.5
2011,wijken,TB,Venserpolder,4.5
2011,wijken,TC,Amsterdamse Poort e.o.,7
2011,wijken,TD,H-buurt,6.4
2011,wijken,TE,Ganzenhoef e.o.,7
2011,wijken,TF,Geerdinkhof/Kantershof,4.6
2011,wijken,TG,Bijlmermuseum,6.2
2011,wijken,TH,K-buurt,7.2
2011,wijken,TJ,Holendrecht,7.5
2011,wijken,TK,Nellestein,2.5
2011,wijken,TL,Reigersbos,5
2011,wijken,TM,Gein,6.3
2012,wijken,AA,Haarlemmerbuurt,2.9
2012,wijken,AB,Jordaan,2.2
2012,wijken,AC,Grachtengordel-West,2.1
2012,wijken,AD,Burgwallen-Nieuwe Zijde,0.9
2012,wijken,AE,Burgwallen-Oude Zijde,1.4
2012,wijken,AF,Nieuwmarkt/Lastage,2.7
2012,wijken,AG,Grachtengordel-Zuid,2.2
2012,wijken,AH,De Weteringschans,2.1
2012,wijken,AJ,Weesperbuurt/Plantage,2.2
2012,wijken,AK,Oostelijke Eilanden/Kadijken,3.8
2012,wijken,BA,Havens-West,2.3
2012,wijken,BB,Coenhaven/Minervahaven,6.7
2012,wijken,EA,Sloterdijk-West,2.9
2012,wijken,EB,Spaarndammerbuurt/Zeeheldenbuurt,3.6
2012,wijken,EC,Houthavens,0.8
2012,wijken,ED,De Kolenkit,6.1
2012,wijken,EE,Landlust,3.8
2012,wijken,EF,Erasmuspark,3.1
2012,wijken,EG,Centrale Markt,7.5
2012,wijken,EH,Staatsliedenbuurt,3.2
2012,wijken,EJ,Frederik Hendrikbuurt,2.8
2012,wijken,EK,Van Galenbuurt,2.7
2012,wijken,EL,Geuzenbuurt,2.4
2012,wijken,EM,Hoofdweg e.o.,3
2012,wijken,EN,Chassébuurt,4.2
2012,wijken,EP,Bellamybuurt,2.1
2012,wijken,EQ,Da Costabuurt,2.3
2012,wijken,ER,Westindische Buurt,2.4
2012,wijken,ES,Van Lennepbuurt,3.2
2012,wijken,ET,Overtoomse Sluis,2.3
2012,wijken,EU,Helmersbuurt,2.5
2012,wijken,EV,Vondelparkbuurt,3.2
2012,wijken,FA,Sloterdijk Nieuw-West,1
2012,wijken,FB,Geuzenveld,5.5
2012,wijken,FC,Slotermeer-West,6.3
2012,wijken,FD,Slotermeer-Noordoost,5.2
2012,wijken,FE,Slotermeer-Zuidoost,4.1
2012,wijken,FF,Lutkemeer/Ookmeer,5.5
2012,wijken,FG,De Aker,7.7
2012,wijken,FH,De Punt,4.6
2012,wijken,FJ,Osdorp-Midden,5.9
2012,wijken,FK,Osdorp-Oost,4.4
2012,wijken,FL,Slotervaart-Noord,6.6
2012,wijken,FM,Overtoomse Veld,7
2012,wijken,FN,Slotervaart-Zuid,5.2
2012,wijken,FP,Westlandgracht,3.3
2012,wijken,FQ,Sloten/Nieuw-Sloten,7.3
2012,wijken,KA,Hoofddorppleinbuurt,2.3
2012,wijken,KB,Schinkelbuurt,2.1
2012,wijken,KC,Willemspark,4
2012,wijken,KD,Museumkwartier,3.5
2012,wijken,KE,Oude Pijp,2.1
2012,wijken,KF,Nieuwe Pijp,2
2012,wijken,KG,Zuid Pijp,4.1
2012,wijken,KH,Stadionbuurt,2.9
2012,wijken,KJ,Apollobuurt,4.5
2012,wijken,KK,Scheldebuurt,2.7
2012,wijken,KL,IJselbuurt,2.8
2012,wijken,KM,Rijnbuurt,2.6
2012,wijken,KN,Prinses Irenebuurt e.o.,3.8
2012,wijken,KP,Zuidas,1.4
2012,wijken,KQ,Buitenveldert-West,3.2
2012,wijken,KR,Buitenveldert-Oost,2.2
2012,wijken,MA,Oostelijk Havengebied,4.9
2012,wijken,MB,Weesperzijde,2.8
2012,wijken,MC,Oosterparkbuurt,3.7
2012,wijken,MD,Transvaalbuurt,5.2
2012,wijken,ME,Dapperbuurt,4.6
2012,wijken,MF,Indische Buurt-West,3.7
2012,wijken,MG,Indische Buurt-Oost,4.7
2012,wijken,MH,Zeeburgereiland/Bovendiep,1.4
2012,wijken,MJ,IJburg-West,4.9
2012,wijken,MK,IJburg-Oost,
2012,wijken,ML,IJburg-Zuid,4.7
2012,wijken,MM,Frankendael,3.4
2012,wijken,MN,Middenmeer,4.7
2012,wijken,MP,Betondorp,2.8
2012,wijken,MQ,Omval/Overamstel,1.1
2012,wijken,NA,Oostzanerwerf,7
2012,wijken,NB,Noordelijke IJ-oevers-West,2.2
2012,wijken,NC,Tuindorp Oostzaan,4.7
2012,wijken,ND,Kadoelen,5.8
2012,wijken,NE,Banne Buiksloot,6.6
2012,wijken,NF,Nieuwendammerdijk/Buiksloterdijk,5.8
2012,wijken,NG,Elzenhagen,6.9
2012,wijken,NH,Buikslotermeer,4.9
2012,wijken,NJ,Waterlandpleinbuurt,6.9
2012,wijken,NK,Volewijck,4.5
2012,wijken,NL,IJplein/Vogelbuurt,4.9
2012,wijken,NM,Tuindorp Buiksloot,4.2
2012,wijken,NN,Tuindorp Nieuwendam,4.7
2012,wijken,NP,Noordelijke IJ-oevers-Oost,0.9
2012,wijken,NQ,Waterland,6.1
2012,wijken,SA,Driemond,6.9
2012,wijken,TA,Amstel III/Bullewijk,4.5
2012,wijken,TB,Venserpolder,4.2
2012,wijken,TC,Amsterdamse Poort e.o.,6.2
2012,wijken,TD,H-buurt,6.5
2012,wijken,TE,Ganzenhoef e.o.,6.7
2012,wijken,TF,Geerdinkhof/Kantershof,4.6
2012,wijken,TG,Bijlmermuseum,6.8
2012,wijken,TH,K-buurt,6.7
2012,wijken,TJ,Holendrecht,7.2
2012,wijken,TK,Nellestein,2.3
2012,wijken,TL,Reigersbos,4.9
2012,wijken,TM,Gein,5.9
2013,wijken,AA,Haarlemmerbuurt,2.8
2013,wijken,AB,Jordaan,2.3
2013,wijken,AC,Grachtengordel-West,2.2
2013,wijken,AD,Burgwallen-Nieuwe Zijde,1
2013,wijken,AE,Burgwallen-Oude Zijde,1.4
2013,wijken,AF,Nieuwmarkt/Lastage,2.8
2013,wijken,AG,Grachtengordel-Zuid,2.4
2013,wijken,AH,De Weteringschans,2
2013,wijken,AJ,Weesperbuurt/Plantage,2.1
2013,wijken,AK,Oostelijke Eilanden/Kadijken,3.7
2013,wijken,BA,Havens-West,1.5
2013,wijken,BB,Coenhaven/Minervahaven,3
2013,wijken,EA,Sloterdijk-West,3.9
2013,wijken,EB,Spaarndammerbuurt/Zeeheldenbuurt,3.4
2013,wijken,EC,Houthavens,1.1
2013,wijken,ED,De Kolenkit,5.9
2013,wijken,EE,Landlust,3.7
2013,wijken,EF,Erasmuspark,3
2013,wijken,EG,Centrale Markt,7.7
2013,wijken,EH,Staatsliedenbuurt,3.4
2013,wijken,EJ,Frederik Hendrikbuurt,2.5
2013,wijken,EK,Van Galenbuurt,2.5
2013,wijken,EL,Geuzenbuurt,2.4
2013,wijken,EM,Hoofdweg e.o.,3
2013,wijken,EN,Chassébuurt,4.1
2013,wijken,EP,Bellamybuurt,2.1
2013,wijken,EQ,Da Costabuurt,2
2013,wijken,ER,Westindische Buurt,2.2
2013,wijken,ES,Van Lennepbuurt,3.1
2013,wijken,ET,Overtoomse Sluis,2.2
2013,wijken,EU,Helmersbuurt,2.8
2013,wijken,EV,Vondelparkbuurt,3.4
2013,wijken,FA,Sloterdijk Nieuw-West,0
2013,wijken,FB,Geuzenveld,5.8
2013,wijken,FC,Slotermeer-West,6.3
2013,wijken,FD,Slotermeer-Noordoost,5.2
2013,wijken,FE,Slotermeer-Zuidoost,4.3
2013,wijken,FF,Lutkemeer/Ookmeer,6.1
2013,wijken,FG,De Aker,7.8
2013,wijken,FH,De Punt,4.7
2013,wijken,FJ,Osdorp-Midden,5.7
2013,wijken,FK,Osdorp-Oost,4.5
2013,wijken,FL,Slotervaart-Noord,6.4
2013,wijken,FM,Overtoomse Veld,6.8
2013,wijken,FN,Slotervaart-Zuid,4.9
2013,wijken,FP,Westlandgracht,3
2013,wijken,FQ,Sloten/Nieuw-Sloten,7.3
2013,wijken,KA,Hoofddorppleinbuurt,2.4
2013,wijken,KB,Schinkelbuurt,2.3
2013,wijken,KC,Willemspark,4.4
2013,wijken,KD,Museumkwartier,3.6
2013,wijken,KE,Oude Pijp,2
2013,wijken,KF,Nieuwe Pijp,1.9
2013,wijken,KG,Zuid Pijp,4.2
2013,wijken,KH,Stadionbuurt,3
2013,wijken,KJ,Apollobuurt,4.5
2013,wijken,KK,Scheldebuurt,2.7
2013,wijken,KL,IJselbuurt,2.9
2013,wijken,KM,Rijnbuurt,2.5
2013,wijken,KN,Prinses Irenebuurt e.o.,3.5
2013,wijken,KP,Zuidas,1.3
2013,wijken,KQ,Buitenveldert-West,3.4
2013,wijken,KR,Buitenveldert-Oost,2.6
2013,wijken,MA,Oostelijk Havengebied,5.2
2013,wijken,MB,Weesperzijde,2.6
2013,wijken,MC,Oosterparkbuurt,3.5
2013,wijken,MD,Transvaalbuurt,4.9
2013,wijken,ME,Dapperbuurt,4.6
2013,wijken,MF,Indische Buurt-West,3.5
2013,wijken,MG,Indische Buurt-Oost,4.7
2013,wijken,MH,Zeeburgereiland/Bovendiep,1.3
2013,wijken,MJ,IJburg-West,5.5
2013,wijken,MK,IJburg-Oost,
2013,wijken,ML,IJburg-Zuid,5
2013,wijken,MM,Frankendael,3.3
2013,wijken,MN,Middenmeer,4.8
2013,wijken,MP,Betondorp,3
2013,wijken,MQ,Omval/Overamstel,1.1
2013,wijken,NA,Oostzanerwerf,6.7
2013,wijken,NB,Noordelijke IJ-oevers-West,1.9
2013,wijken,NC,Tuindorp Oostzaan,4.9
2013,wijken,ND,Kadoelen,5.3
2013,wijken,NE,Banne Buiksloot,6.6
2013,wijken,NF,Nieuwendammerdijk/Buiksloterdijk,5.3
2013,wijken,NG,Elzenhagen,6
2013,wijken,NH,Buikslotermeer,4.9
2013,wijken,NJ,Waterlandpleinbuurt,7.1
2013,wijken,NK,Volewijck,4.3
2013,wijken,NL,IJplein/Vogelbuurt,4.8
2013,wijken,NM,Tuindorp Buiksloot,4.5
2013,wijken,NN,Tuindorp Nieuwendam,4.5
2013,wijken,NP,Noordelijke IJ-oevers-Oost,1.9
2013,wijken,NQ,Waterland,5.9
2013,wijken,SA,Driemond,6.7
2013,wijken,TA,Amstel III/Bullewijk,32.2
2013,wijken,TB,Venserpolder,4.1
2013,wijken,TC,Amsterdamse Poort e.o.,5.7
2013,wijken,TD,H-buurt,6.7
2013,wijken,TE,Ganzenhoef e.o.,6.7
2013,wijken,TF,Geerdinkhof/Kantershof,4.6
2013,wijken,TG,Bijlmermuseum,6.6
2013,wijken,TH,K-buurt,6.6
2013,wijken,TJ,Holendrecht,7.1
2013,wijken,TK,Nellestein,2.7
2013,wijken,TL,Reigersbos,5
2013,wijken,TM,Gein,5.7
2014,wijken,AA,Haarlemmerbuurt,2.9
2014,wijken,AB,Jordaan,2.3
2014,wijken,AC,Grachtengordel-West,2.5
2014,wijken,AD,Burgwallen-Nieuwe Zijde,1.1
2014,wijken,AE,Burgwallen-Oude Zijde,1.4
2014,wijken,AF,Nieuwmarkt/Lastage,2.8
2014,wijken,AG,Grachtengordel-Zuid,2.4
2014,wijken,AH,De Weteringschans,1.9
2014,wijken,AJ,Weesperbuurt/Plantage,2.2
2014,wijken,AK,Oostelijke Eilanden/Kadijken,3.5
2014,wijken,BA,Havens-West,1.4
2014,wijken,BB,Coenhaven/Minervahaven,0
2014,wijken,EA,Sloterdijk-West,3.6
2014,wijken,EB,Spaarndammerbuurt/Zeeheldenbuurt,3.5
2014,wijken,EC,Houthavens,0.8
2014,wijken,ED,De Kolenkit,5.7
2014,wijken,EE,Landlust,3.8
2014,wijken,EF,Erasmuspark,2.9
2014,wijken,EG,Centrale Markt,7.5
2014,wijken,EH,Staatsliedenbuurt,3.3
2014,wijken,EJ,Frederik Hendrikbuurt,2.4
2014,wijken,EK,Van Galenbuurt,2.6
2014,wijken,EL,Geuzenbuurt,2.6
2014,wijken,EM,Hoofdweg e.o.,3.1
2014,wijken,EN,Chassébuurt,4.1
2014,wijken,EP,Bellamybuurt,2.1
2014,wijken,EQ,Da Costabuurt,2.1
2014,wijken,ER,Westindische Buurt,2.1
2014,wijken,ES,Van Lennepbuurt,2.8
2014,wijken,ET,Overtoomse Sluis,2.4
2014,wijken,EU,Helmersbuurt,2.7
2014,wijken,EV,Vondelparkbuurt,3.4
2014,wijken,FA,Sloterdijk Nieuw-West,0
2014,wijken,FB,Geuzenveld,6
2014,wijken,FC,Slotermeer-West,6.8
2014,wijken,FD,Slotermeer-Noordoost,5.3
2014,wijken,FE,Slotermeer-Zuidoost,4.5
2014,wijken,FF,Lutkemeer/Ookmeer,5.9
2014,wijken,FG,De Aker,8
2014,wijken,FH,De Punt,5.2
2014,wijken,FJ,Osdorp-Midden,5.3
2014,wijken,FK,Osdorp-Oost,4.6
2014,wijken,FL,Slotervaart-Noord,6.5
2014,wijken,FM,Overtoomse Veld,6.7
2014,wijken,FN,Slotervaart-Zuid,4.8
2014,wijken,FP,Westlandgracht,2.8
2014,wijken,FQ,Sloten/Nieuw-Sloten,7.1
2014,wijken,KA,Hoofddorppleinbuurt,2.5
2014,wijken,KB,Schinkelbuurt,2.4
2014,wijken,KC,Willemspark,4.8
2014,wijken,KD,Museumkwartier,3.8
2014,wijken,KE,Oude Pijp,2
2014,wijken,KF,Nieuwe Pijp,1.9
2014,wijken,KG,Zuid Pijp,4.2
2014,wijken,KH,Stadionbuurt,3.3
2014,wijken,KJ,Apollobuurt,4.8
2014,wijken,KK,Scheldebuurt,2.8
2014,wijken,KL,IJselbuurt,3
2014,wijken,KM,Rijnbuurt,2.6
2014,wijken,KN,Prinses Irenebuurt e.o.,3.4
2014,wijken,KP,Zuidas,1.4
2014,wijken,KQ,Buitenveldert-West,3.4
2014,wijken,KR,Buitenveldert-Oost,2.8
2014,wijken,MA,Oostelijk Havengebied,5.4
2014,wijken,MB,Weesperzijde,2.6
2014,wijken,MC,Oosterparkbuurt,3.3
2014,wijken,MD,Transvaalbuurt,4.8
2014,wijken,ME,Dapperbuurt,4.5
2014,wijken,MF,Indische Buurt-West,3.9
2014,wijken,MG,Indische Buurt-Oost,4.8
2014,wijken,MH,Zeeburgereiland/Bovendiep,1.4
2014,wijken,MJ,IJburg-West,6.2
2014,wijken,MK,IJburg-Oost,
2014,wijken,ML,IJburg-Zuid,5.4
2014,wijken,MM,Frankendael,3.3
2014,wijken,MN,Middenmeer,4.6
2014,wijken,MP,Betondorp,3.2
2014,wijken,MQ,Omval/Overamstel,1
2014,wijken,NA,Oostzanerwerf,6.2
2014,wijken,NB,Noordelijke IJ-oevers-West,1.6
2014,wijken,NC,Tuindorp Oostzaan,4.7
2014,wijken,ND,Kadoelen,5.4
2014,wijken,NE,Banne Buiksloot,6.6
2014,wijken,NF,Nieuwendammerdijk/Buiksloterdijk,6.1
2014,wijken,NG,Elzenhagen,6.2
2014,wijken,NH,Buikslotermeer,4.9
2014,wijken,NJ,Waterlandpleinbuurt,7.5
2014,wijken,NK,Volewijck,4.4
2014,wijken,NL,IJplein/Vogelbuurt,4.7
2014,wijken,NM,Tuindorp Buiksloot,4.7
2014,wijken,NN,Tuindorp Nieuwendam,4.8
2014,wijken,NP,Noordelijke IJ-oevers-Oost,0.9
2014,wijken,NQ,Waterland,6.3
2014,wijken,SA,Driemond,6.3
2014,wijken,TA,Amstel III/Bullewijk,25.5
2014,wijken,TB,Venserpolder,4.3
2014,wijken,TC,Amsterdamse Poort e.o.,5.6
2014,wijken,TD,H-buurt,6.9
2014,wijken,TE,Ganzenhoef e.o.,6.4
2014,wijken,TF,Geerdinkhof/Kantershof,4.6
2014,wijken,TG,Bijlmermuseum,6.9
2014,wijken,TH,K-buurt,6.9
2014,wijken,TJ,Holendrecht,7.4
2014,wijken,TK,Nellestein,2.5
2014,wijken,TL,Reigersbos,5
2014,wijken,TM,Gein,5.8
2015,wijken,AA,Haarlemmerbuurt,3.1
2015,wijken,AB,Jordaan,2.4
2015,wijken,AC,Grachtengordel-West,2.8
2015,wijken,AD,Burgwallen-Nieuwe Zijde,1.3
2015,wijken,AE,Burgwallen-Oude Zijde,1.2
2015,wijken,AF,Nieuwmarkt/Lastage,2.8
2015,wijken,AG,Grachtengordel-Zuid,2.6
2015,wijken,AH,De Weteringschans,2.2
2015,wijken,AJ,Weesperbuurt/Plantage,2.3
2015,wijken,AK,Oostelijke Eilanden/Kadijken,3.4
2015,wijken,BA,Havens-West,1.1
2015,wijken,BB,Coenhaven/Minervahaven,0
2015,wijken,EA,Sloterdijk-West,1.4
2015,wijken,EB,Spaarndammerbuurt/Zeeheldenbuurt,3.3
2015,wijken,EC,Houthavens,1.1
2015,wijken,ED,De Kolenkit,5.7
2015,wijken,EE,Landlust,4
2015,wijken,EF,Erasmuspark,2.8
2015,wijken,EG,Centrale Markt,7.5
2015,wijken,EH,Staatsliedenbuurt,3.4
2015,wijken,EJ,Frederik Hendrikbuurt,2.4
2015,wijken,EK,Van Galenbuurt,2.8
2015,wijken,EL,Geuzenbuurt,2.5
2015,wijken,EM,Hoofdweg e.o.,2.9
2015,wijken,EN,Chassébuurt,4.3
2015,wijken,EP,Bellamybuurt,2.2
2015,wijken,EQ,Da Costabuurt,2.3
2015,wijken,ER,Westindische Buurt,2
2015,wijken,ES,Van Lennepbuurt,2.8
2015,wijken,ET,Overtoomse Sluis,2.4
2015,wijken,EU,Helmersbuurt,3
2015,wijken,EV,Vondelparkbuurt,4.1
2015,wijken,FA,Sloterdijk Nieuw-West,1
2015,wijken,FB,Geuzenveld,6.1
2015,wijken,FC,Slotermeer-West,6.4
2015,wijken,FD,Slotermeer-Noordoost,5.4
2015,wijken,FE,Slotermeer-Zuidoost,4.3
2015,wijken,FF,Lutkemeer/Ookmeer,5.7
2015,wijken,FG,De Aker,7.8
2015,wijken,FH,De Punt,5
2015,wijken,FJ,Osdorp-Midden,5.3
2015,wijken,FK,Osdorp-Oost,4.6
2015,wijken,FL,Slotervaart-Noord,6.7
2015,wijken,FM,Overtoomse Veld,6.2
2015,wijken,FN,Slotervaart-Zuid,4.8
2015,wijken,FP,Westlandgracht,3
2015,wijken,FQ,Sloten/Nieuw-Sloten,6.8
2015,wijken,KA,Hoofddorppleinbuurt,2.5
2015,wijken,KB,Schinkelbuurt,2.3
2015,wijken,KC,Willemspark,5.1
2015,wijken,KD,Museumkwartier,4.3
2015,wijken,KE,Oude Pijp,2
2015,wijken,KF,Nieuwe Pijp,2
2015,wijken,KG,Zuid Pijp,4.2
2015,wijken,KH,Stadionbuurt,3.2
2015,wijken,KJ,Apollobuurt,5.2
2015,wijken,KK,Scheldebuurt,2.9
2015,wijken,KL,IJselbuurt,3.1
2015,wijken,KM,Rijnbuurt,2.7
2015,wijken,KN,Prinses Irenebuurt e.o.,4.1
2015,wijken,KP,Zuidas,1.8
2015,wijken,KQ,Buitenveldert-West,3.6
2015,wijken,KR,Buitenveldert-Oost,2.9
2015,wijken,MA,Oostelijk Havengebied,5.6
2015,wijken,MB,Weesperzijde,2.6
2015,wijken,MC,Oosterparkbuurt,3.4
2015,wijken,MD,Transvaalbuurt,4.7
2015,wijken,ME,Dapperbuurt,4.3
2015,wijken,MF,Indische Buurt-West,3.9
2015,wijken,MG,Indische Buurt-Oost,4.9
2015,wijken,MH,Zeeburgereiland/Bovendiep,1.5
2015,wijken,MJ,IJburg-West,6.8
2015,wijken,MK,IJburg-Oost,
2015,wijken,ML,IJburg-Zuid,5.7
2015,wijken,MM,Frankendael,3.3
2015,wijken,MN,Middenmeer,4.5
2015,wijken,MP,Betondorp,3.6
2015,wijken,MQ,Omval/Overamstel,1.3
2015,wijken,NA,Oostzanerwerf,6
2015,wijken,NB,Noordelijke IJ-oevers-West,1.8
2015,wijken,NC,Tuindorp Oostzaan,4.9
2015,wijken,ND,Kadoelen,5
2015,wijken,NE,Banne Buiksloot,6.7
2015,wijken,NF,Nieuwendammerdijk/Buiksloterdijk,6.5
2015,wijken,NG,Elzenhagen,5.7
2015,wijken,NH,Buikslotermeer,5.1
2015,wijken,NJ,Waterlandpleinbuurt,7.5
2015,wijken,NK,Volewijck,4.6
2015,wijken,NL,IJplein/Vogelbuurt,4.9
2015,wijken,NM,Tuindorp Buiksloot,5
2015,wijken,NN,Tuindorp Nieuwendam,4.7
2015,wijken,NP,Noordelijke IJ-oevers-Oost,1.4
2015,wijken,NQ,Waterland,6.6
2015,wijken,SA,Driemond,6.6
2015,wijken,TA,Amstel III/Bullewijk,18.2
2015,wijken,TB,Venserpolder,4.3
2015,wijken,TC,Amsterdamse Poort e.o.,5.7
2015,wijken,TD,H-buurt,7.1
2015,wijken,TE,Ganzenhoef e.o.,6.4
2015,wijken,TF,Geerdinkhof/Kantershof,4.6
2015,wijken,TG,Bijlmermuseum,6.9
2015,wijken,TH,K-buurt,7
2015,wijken,TJ,Holendrecht,7.4
2015,wijken,TK,Nellestein,2.5
2015,wijken,TL,Reigersbos,5.2
2015,wijken,TM,Gein,5.8
2016,wijken,AA,Haarlemmerbuurt,3
2016,wijken,AB,Jordaan,2.5
2016,wijken,AC,Grachtengordel-West,2.9
2016,wijken,AD,Burgwallen-Nieuwe Zijde,1
2016,wijken,AE,Burgwallen-Oude Zijde,1.3
2016,wijken,AF,Nieuwmarkt/Lastage,2.7
2016,wijken,AG,Grachtengordel-Zuid,2.9
2016,wijken,AH,De Weteringschans,2.5
2016,wijken,AJ,Weesperbuurt/Plantage,2.7
2016,wijken,AK,Oostelijke Eilanden/Kadijken,3.2
2016,wijken,BA,Havens-West,1.2
2016,wijken,BB,Coenhaven/Minervahaven,2.9
2016,wijken,EA,Sloterdijk-West,1
2016,wijken,EB,Spaarndammerbuurt/Zeeheldenbuurt,3.3
2016,wijken,EC,Houthavens,1.9
2016,wijken,ED,De Kolenkit,5.6
2016,wijken,EE,Landlust,3.9
2016,wijken,EF,Erasmuspark,2.9
2016,wijken,EG,Centrale Markt,7
2016,wijken,EH,Staatsliedenbuurt,3.4
2016,wijken,EJ,Frederik Hendrikbuurt,2.3
2016,wijken,EK,Van Galenbuurt,2.7
2016,wijken,EL,Geuzenbuurt,2.6
2016,wijken,EM,Hoofdweg e.o.,3.1
2016,wijken,EN,Chassébuurt,4.2
2016,wijken,EP,Bellamybuurt,2.3
2016,wijken,EQ,Da Costabuurt,2.1
2016,wijken,ER,Westindische Buurt,2.1
2016,wijken,ES,Van Lennepbuurt,2.7
2016,wijken,ET,Overtoomse Sluis,2.5
2016,wijken,EU,Helmersbuurt,3.2
2016,wijken,EV,Vondelparkbuurt,4.4
2016,wijken,FA,Sloterdijk Nieuw-West,0.9
2016,wijken,FB,Geuzenveld,6
2016,wijken,FC,Slotermeer-West,6.4
2016,wijken,FD,Slotermeer-Noordoost,5.4
2016,wijken,FE,Slotermeer-Zuidoost,4.5
2016,wijken,FF,Lutkemeer/Ookmeer,6.1
2016,wijken,FG,De Aker,7.5
2016,wijken,FH,De Punt,5.1
2016,wijken,FJ,Osdorp-Midden,5.4
2016,wijken,FK,Osdorp-Oost,4.5
2016,wijken,FL,Slotervaart-Noord,6.2
2016,wijken,FM,Overtoomse Veld,5.8
2016,wijken,FN,Slotervaart-Zuid,5.1
2016,wijken,FP,Westlandgracht,2.7
2016,wijken,FQ,Sloten/Nieuw-Sloten,6.2
2016,wijken,KA,Hoofddorppleinbuurt,2.6
2016,wijken,KB,Schinkelbuurt,2.3
2016,wijken,KC,Willemspark,5.4
2016,wijken,KD,Museumkwartier,4.5
2016,wijken,KE,Oude Pijp,2.1
2016,wijken,KF,Nieuwe Pijp,2
2016,wijken,KG,Zuid Pijp,3.9
2016,wijken,KH,Stadionbuurt,3.3
2016,wijken,KJ,Apollobuurt,5.3
2016,wijken,KK,Scheldebuurt,2.9
2016,wijken,KL,IJselbuurt,3.1
2016,wijken,KM,Rijnbuurt,2.7
2016,wijken,KN,Prinses Irenebuurt e.o.,4.2
2016,wijken,KP,Zuidas,1.2
2016,wijken,KQ,Buitenveldert-West,3.6
2016,wijken,KR,Buitenveldert-Oost,3
2016,wijken,MA,Oostelijk Havengebied,5.5
2016,wijken,MB,Weesperzijde,2.7
2016,wijken,MC,Oosterparkbuurt,3.2
2016,wijken,MD,Transvaalbuurt,4.4
2016,wijken,ME,Dapperbuurt,4.1
2016,wijken,MF,Indische Buurt-West,4
2016,wijken,MG,Indische Buurt-Oost,4.8
2016,wijken,MH,Zeeburgereiland/Bovendiep,1.5
2016,wijken,MJ,IJburg-West,7.8
2016,wijken,MK,IJburg-Oost,
2016,wijken,ML,IJburg-Zuid,6.1
2016,wijken,MM,Frankendael,3
2016,wijken,MN,Middenmeer,4.7
2016,wijken,MP,Betondorp,3.6
2016,wijken,MQ,Omval/Overamstel,1.1
2016,wijken,NA,Oostzanerwerf,6
2016,wijken,NB,Noordelijke IJ-oevers-West,1.7
2016,wijken,NC,Tuindorp Oostzaan,4.9
2016,wijken,ND,Kadoelen,5.4
2016,wijken,NE,Banne Buiksloot,6.7
2016,wijken,NF,Nieuwendammerdijk/Buiksloterdijk,6.9
2016,wijken,NG,Elzenhagen,5.7
2016,wijken,NH,Buikslotermeer,5
2016,wijken,NJ,Waterlandpleinbuurt,7.3
2016,wijken,NK,Volewijck,4.6
2016,wijken,NL,IJplein/Vogelbuurt,4.7
2016,wijken,NM,Tuindorp Buiksloot,4.7
2016,wijken,NN,Tuindorp Nieuwendam,4.9
2016,wijken,NP,Noordelijke IJ-oevers-Oost,1.2
2016,wijken,NQ,Waterland,5.9
2016,wijken,SA,Driemond,6
2016,wijken,TA,Amstel III/Bullewijk,13.2
2016,wijken,TB,Venserpolder,4.3
2016,wijken,TC,Amsterdamse Poort e.o.,5.3
2016,wijken,TD,H-buurt,7.4
2016,wijken,TE,Ganzenhoef e.o.,6.4
2016,wijken,TF,Geerdinkhof/Kantershof,4.8
2016,wijken,TG,Bijlmermuseum,6.6
2016,wijken,TH,K-buurt,6.9
2016,wijken,TJ,Holendrecht,7
2016,wijken,TK,Nellestein,2.8
2016,wijken,TL,Reigersbos,5.2
2016,wijken,TM,Gein,5.6
2017,wijken,AA,Haarlemmerbuurt,3
2017,wijken,AB,Jordaan,2.6
2017,wijken,AC,Grachtengordel-West,2.9
2017,wijken,AD,Burgwallen-Nieuwe Zijde,1.2
2017,wijken,AE,Burgwallen-Oude Zijde,1.4
2017,wijken,AF,Nieuwmarkt/Lastage,2.5
2017,wijken,AG,Grachtengordel-Zuid,3.3
2017,wijken,AH,De Weteringschans,2.9
2017,wijken,AJ,Weesperbuurt/Plantage,2.7
2017,wijken,AK,Oostelijke Eilanden/Kadijken,3.4
2017,wijken,BA,Havens-West,1.3
2017,wijken,BB,Coenhaven/Minervahaven,3.1
2017,wijken,EA,Sloterdijk-West,0.8
2017,wijken,EB,Spaarndammerbuurt/Zeeheldenbuurt,3.3
2017,wijken,EC,Houthavens,2.3
2017,wijken,ED,De Kolenkit,5.1
2017,wijken,EE,Landlust,4.1
2017,wijken,EF,Erasmuspark,2.9
2017,wijken,EG,Centrale Markt,5.8
2017,wijken,EH,Staatsliedenbuurt,3.5
2017,wijken,EJ,Frederik Hendrikbuurt,2.3
2017,wijken,EK,Van Galenbuurt,3.2
2017,wijken,EL,Geuzenbuurt,2.7
2017,wijken,EM,Hoofdweg e.o.,3.2
2017,wijken,EN,Chassébuurt,4.5
2017,wijken,EP,Bellamybuurt,2.4
2017,wijken,EQ,Da Costabuurt,2.3
2017,wijken,ER,Westindische Buurt,2.4
2017,wijken,ES,Van Lennepbuurt,2.6
2017,wijken,ET,Overtoomse Sluis,2.7
2017,wijken,EU,Helmersbuurt,3.4
2017,wijken,EV,Vondelparkbuurt,4.4
2017,wijken,FA,Sloterdijk Nieuw-West,2.7
2017,wijken,FB,Geuzenveld,6
2017,wijken,FC,Slotermeer-West,6.6
2017,wijken,FD,Slotermeer-Noordoost,5.6
2017,wijken,FE,Slotermeer-Zuidoost,4.3
2017,wijken,FF,Lutkemeer/Ookmeer,5.7
2017,wijken,FG,De Aker,7.2
2017,wijken,FH,De Punt,5.2
2017,wijken,FJ,Osdorp-Midden,5.4
2017,wijken,FK,Osdorp-Oost,4.5
2017,wijken,FL,Slotervaart-Noord,6.1
2017,wijken,FM,Overtoomse Veld,5.4
2017,wijken,FN,Slotervaart-Zuid,4.8
2017,wijken,FP,Westlandgracht,2.6
2017,wijken,FQ,Sloten/Nieuw-Sloten,5.7
2017,wijken,KA,Hoofddorppleinbuurt,2.6
2017,wijken,KB,Schinkelbuurt,2.8
2017,wijken,KC,Willemspark,5.7
2017,wijken,KD,Museumkwartier,4.5
2017,wijken,KE,Oude Pijp,2
2017,wijken,KF,Nieuwe Pijp,2.2
2017,wijken,KG,Zuid Pijp,3.8
2017,wijken,KH,Stadionbuurt,3.6
2017,wijken,KJ,Apollobuurt,5.5
2017,wijken,KK,Scheldebuurt,3.1
2017,wijken,KL,IJselbuurt,3
2017,wijken,KM,Rijnbuurt,2.7
2017,wijken,KN,Prinses Irenebuurt e.o.,4.3
2017,wijken,KP,Zuidas,1.1
2017,wijken,KQ,Buitenveldert-West,3.7
2017,wijken,KR,Buitenveldert-Oost,2.9
2017,wijken,MA,Oostelijk Havengebied,5.4
2017,wijken,MB,Weesperzijde,2.8
2017,wijken,MC,Oosterparkbuurt,3.2
2017,wijken,MD,Transvaalbuurt,4.4
2017,wijken,ME,Dapperbuurt,4
2017,wijken,MF,Indische Buurt-West,4
2017,wijken,MG,Indische Buurt-Oost,4.8
2017,wijken,MH,Zeeburgereiland/Bovendiep,1.3
2017,wijken,MJ,IJburg-West,8.6
2017,wijken,MK,IJburg-Oost,
2017,wijken,ML,IJburg-Zuid,6.5
2017,wijken,MM,Frankendael,3.3
2017,wijken,MN,Middenmeer,4.6
2017,wijken,MP,Betondorp,3.7
2017,wijken,MQ,Omval/Overamstel,1.4
2017,wijken,NA,Oostzanerwerf,6.4
2017,wijken,NB,Noordelijke IJ-oevers-West,2.1
2017,wijken,NC,Tuindorp Oostzaan,5
2017,wijken,ND,Kadoelen,5.3
2017,wijken,NE,Banne Buiksloot,6.7
2017,wijken,NF,Nieuwendammerdijk/Buiksloterdijk,6.9
2017,wijken,NG,Elzenhagen,5.5
2017,wijken,NH,Buikslotermeer,5.1
2017,wijken,NJ,Waterlandpleinbuurt,7.1
2017,wijken,NK,Volewijck,4.6
2017,wijken,NL,IJplein/Vogelbuurt,5.1
2017,wijken,NM,Tuindorp Buiksloot,5
2017,wijken,NN,Tuindorp Nieuwendam,4.7
2017,wijken,NP,Noordelijke IJ-oevers-Oost,1
2017,wijken,NQ,Waterland,6.3
2017,wijken,SA,Driemond,6.8
2017,wijken,SC,Weesp-Noordwest,
2017,wijken,SD,Weesp Binnenstad/Zuid,
2017,wijken,TA,Amstel III/Bullewijk,6.6
2017,wijken,TB,Venserpolder,4
2017,wijken,TC,Amsterdamse Poort e.o.,5.1
2017,wijken,TD,H-buurt,7.2
2017,wijken,TE,Ganzenhoef e.o.,6
2017,wijken,TF,Geerdinkhof/Kantershof,4.8
2017,wijken,TG,Bijlmermuseum,6.1
2017,wijken,TH,K-buurt,6.9
2017,wijken,TJ,Holendrecht,6.8
2017,wijken,TK,Nellestein,3
2017,wijken,TL,Reigersbos,5.1
2017,wijken,TM,Gein,5.7
2018,wijken,AA,Haarlemmerbuurt,3.1
2018,wijken,AB,Jordaan,2.6
2018,wijken,AC,Grachtengordel-West,2.9
2018,wijken,AD,Burgwallen-Nieuwe Zijde,1.2
2018,wijken,AE,Burgwallen-Oude Zijde,1.3
2018,wijken,AF,Nieuwmarkt/Lastage,2.3
2018,wijken,AG,Grachtengordel-Zuid,3.3
2018,wijken,AH,De Weteringschans,2.8
2018,wijken,AJ,Weesperbuurt/Plantage,2.5
2018,wijken,AK,Oostelijke Eilanden/Kadijken,3.4
2018,wijken,BA,Havens-West,1.9
2018,wijken,BB,Coenhaven/Minervahaven,2.6
2018,wijken,EA,Sloterdijk-West,0.4
2018,wijken,EB,Spaarndammerbuurt/Zeeheldenbuurt,3.3
2018,wijken,EC,Houthavens,2.6
2018,wijken,ED,De Kolenkit,5.2
2018,wijken,EE,Landlust,4.2
2018,wijken,EF,Erasmuspark,3.2
2018,wijken,EG,Centrale Markt,4.7
2018,wijken,EH,Staatsliedenbuurt,3.3
2018,wijken,EJ,Frederik Hendrikbuurt,2.2
2018,wijken,EK,Van Galenbuurt,2.9
2018,wijken,EL,Geuzenbuurt,2.6
2018,wijken,EM,Hoofdweg e.o.,3.3
2018,wijken,EN,Chassébuurt,4.5
2018,wijken,EP,Bellamybuurt,2.2
2018,wijken,EQ,Da Costabuurt,2.2
2018,wijken,ER,Westindische Buurt,2.4
2018,wijken,ES,Van Lennepbuurt,2.9
2018,wijken,ET,Overtoomse Sluis,2.8
2018,wijken,EU,Helmersbuurt,3.5
2018,wijken,EV,Vondelparkbuurt,4.4
2018,wijken,FA,Sloterdijk Nieuw-West,1.3
2018,wijken,FB,Geuzenveld,6.1
2018,wijken,FC,Slotermeer-West,6.5
2018,wijken,FD,Slotermeer-Noordoost,5.8
2018,wijken,FE,Slotermeer-Zuidoost,4
2018,wijken,FF,Lutkemeer/Ookmeer,5.9
2018,wijken,FG,De Aker,7.3
2018,wijken,FH,De Punt,5.3
2018,wijken,FJ,Osdorp-Midden,5.6
2018,wijken,FK,Osdorp-Oost,4.4
2018,wijken,FL,Slotervaart-Noord,6.1
2018,wijken,FM,Overtoomse Veld,4.8
2018,wijken,FN,Slotervaart-Zuid,5
2018,wijken,FP,Westlandgracht,2.4
2018,wijken,FQ,Sloten/Nieuw-Sloten,5.6
2018,wijken,KA,Hoofddorppleinbuurt,2.5
2018,wijken,KB,Schinkelbuurt,2.5
2018,wijken,KC,Willemspark,6.1
2018,wijken,KD,Museumkwartier,4.8
2018,wijken,KE,Oude Pijp,2.1
2018,wijken,KF,Nieuwe Pijp,2.3
2018,wijken,KG,Zuid Pijp,3.7
2018,wijken,KH,Stadionbuurt,3.8
2018,wijken,KJ,Apollobuurt,5.7
2018,wijken,KK,Scheldebuurt,2.8
2018,wijken,KL,IJselbuurt,2.5
2018,wijken,KM,Rijnbuurt,2.6
2018,wijken,KN,Prinses Irenebuurt e.o.,4.8
2018,wijken,KP,Zuidas,1.5
2018,wijken,KQ,Buitenveldert-West,3.6
2018,wijken,KR,Buitenveldert-Oost,2.8
2018,wijken,MA,Oostelijk Havengebied,5.5
2018,wijken,MB,Weesperzijde,2.8
2018,wijken,MC,Oosterparkbuurt,3.2
2018,wijken,MD,Transvaalbuurt,4.5
2018,wijken,ME,Dapperbuurt,3.8
2018,wijken,MF,Indische Buurt-West,4.1
2018,wijken,MG,Indische Buurt-Oost,5
2018,wijken,MH,Zeeburgereiland/Bovendiep,2
2018,wijken,MJ,IJburg-West,9.5
2018,wijken,MK,IJburg-Oost,
2018,wijken,ML,IJburg-Zuid,6.9
2018,wijken,MM,Frankendael,3.5
2018,wijken,MN,Middenmeer,4.6
2018,wijken,MP,Betondorp,3.8
2018,wijken,MQ,Omval/Overamstel,1.4
2018,wijken,NA,Oostzanerwerf,6.5
2018,wijken,NB,Noordelijke IJ-oevers-West,1.8
2018,wijken,NC,Tuindorp Oostzaan,4.8
2018,wijken,ND,Kadoelen,5.8
2018,wijken,NE,Banne Buiksloot,6.5
2018,wijken,NF,Nieuwendammerdijk/Buiksloterdijk,7.7
2018,wijken,NG,Elzenhagen,5.5
2018,wijken,NH,Buikslotermeer,5.3
2018,wijken,NJ,Waterlandpleinbuurt,6.7
2018,wijken,NK,Volewijck,4.6
2018,wijken,NL,IJplein/Vogelbuurt,5.1
2018,wijken,NM,Tuindorp Buiksloot,5
2018,wijken,NN,Tuindorp Nieuwendam,4.7
2018,wijken,NP,Noordelijke IJ-oevers-Oost,0.6
2018,wijken,NQ,Waterland,6.1
2018,wijken,SA,Driemond,7
2018,wijken,SB,Bloemendalerpolder,
2018,wijken,SC,Weesp-Noordwest,
2018,wijken,SD,Weesp Binnenstad/Zuid,
2018,wijken,SE,Aetsveld/Oostelijke Vechtoever,
2018,wijken,TA,Amstel III/Bullewijk,7.6
2018,wijken,TB,Venserpolder,4.1
2018,wijken,TC,Amsterdamse Poort e.o.,5.2
2018,wijken,TD,H-buurt,7.2
2018,wijken,TE,Ganzenhoef e.o.,6.1
2018,wijken,TF,Geerdinkhof/Kantershof,4.6
2018,wijken,TG,Bijlmermuseum,6.1
2018,wijken,TH,K-buurt,6.7
2018,wijken,TJ,Holendrecht,7.1
2018,wijken,TK,Nellestein,2.9
2018,wijken,TL,Reigersbos,5.1
2018,wijken,TM,Gein,5.6
2019,wijken,AA,Haarlemmerbuurt,3.1
2019,wijken,AB,Jordaan,2.6
2019,wijken,AC,Grachtengordel-West,2.7
2019,wijken,AD,Burgwallen-Nieuwe Zijde,1.5
2019,wijken,AE,Burgwallen-Oude Zijde,1.4
2019,wijken,AF,Nieuwmarkt/Lastage,2.1
2019,wijken,AG,Grachtengordel-Zuid,3.4
2019,wijken,AH,De Weteringschans,2.9
2019,wijken,AJ,Weesperbuurt/Plantage,2.5
2019,wijken,AK,Oostelijke Eilanden/Kadijken,3.4
2019,wijken,BA,Havens-West,2.2
2019,wijken,BB,Coenhaven/Minervahaven,2.5
2019,wijken,EA,Sloterdijk-West,0.4
2019,wijken,EB,Spaarndammerbuurt/Zeeheldenbuurt,3.2
2019,wijken,EC,Houthavens,2.4
2019,wijken,ED,De Kolenkit,5.1
2019,wijken,EE,Landlust,4.1
2019,wijken,EF,Erasmuspark,3.3
2019,wijken,EG,Centrale Markt,4.4
2019,wijken,EH,Staatsliedenbuurt,3.5
2019,wijken,EJ,Frederik Hendrikbuurt,2.4
2019,wijken,EK,Van Galenbuurt,2.9
2019,wijken,EL,Geuzenbuurt,2.8
2019,wijken,EM,Hoofdweg e.o.,3.2
2019,wijken,EN,Chassébuurt,4.7
2019,wijken,EP,Bellamybuurt,2.2
2019,wijken,EQ,Da Costabuurt,2.3
2019,wijken,ER,Westindische Buurt,2.4
2019,wijken,ES,Van Lennepbuurt,2.8
2019,wijken,ET,Overtoomse Sluis,2.5
2019,wijken,EU,Helmersbuurt,3.4
2019,wijken,EV,Vondelparkbuurt,5
2019,wijken,FA,Sloterdijk Nieuw-West,0.8
2019,wijken,FB,Geuzenveld,6.1
2019,wijken,FC,Slotermeer-West,6.4
2019,wijken,FD,Slotermeer-Noordoost,5.6
2019,wijken,FE,Slotermeer-Zuidoost,4.1
2019,wijken,FF,Lutkemeer/Ookmeer,5.1
2019,wijken,FG,De Aker,6.8
2019,wijken,FH,De Punt,5
2019,wijken,FJ,Osdorp-Midden,5.9
2019,wijken,FK,Osdorp-Oost,4.5
2019,wijken,FL,Slotervaart-Noord,5.8
2019,wijken,FM,Overtoomse Veld,4.8
2019,wijken,FN,Slotervaart-Zuid,4.9
2019,wijken,FP,Westlandgracht,2.4
2019,wijken,FQ,Sloten/Nieuw-Sloten,5
2019,wijken,KA,Hoofddorppleinbuurt,2.5
2019,wijken,KB,Schinkelbuurt,2.5
2019,wijken,KC,Willemspark,6.3
2019,wijken,KD,Museumkwartier,4.8
2019,wijken,KE,Oude Pijp,2.2
2019,wijken,KF,Nieuwe Pijp,2.2
2019,wijken,KG,Zuid Pijp,3.6
2019,wijken,KH,Stadionbuurt,3.6
2019,wijken,KJ,Apollobuurt,6.1
2019,wijken,KK,Scheldebuurt,3
2019,wijken,KL,IJselbuurt,2.4
2019,wijken,KM,Rijnbuurt,2.6
2019,wijken,KN,Prinses Irenebuurt e.o.,5.7
2019,wijken,KP,Zuidas,1.4
2019,wijken,KQ,Buitenveldert-West,3.5
2019,wijken,KR,Buitenveldert-Oost,2.9
2019,wijken,MA,Oostelijk Havengebied,5.4
2019,wijken,MB,Weesperzijde,3.4
2019,wijken,MC,Oosterparkbuurt,3.2
2019,wijken,MD,Transvaalbuurt,4.3
2019,wijken,ME,Dapperbuurt,3.7
2019,wijken,MF,Indische Buurt-West,4
2019,wijken,MG,Indische Buurt-Oost,5.1
2019,wijken,MH,Zeeburgereiland/Bovendiep,2.1
2019,wijken,MJ,IJburg-West,9.9
2019,wijken,MK,IJburg-Oost,
2019,wijken,ML,IJburg-Zuid,7.7
2019,wijken,MM,Frankendael,3.5
2019,wijken,MN,Middenmeer,4.4
2019,wijken,MP,Betondorp,3.9
2019,wijken,MQ,Omval/Overamstel,1.1
2019,wijken,NA,Oostzanerwerf,6.4
2019,wijken,NB,Noordelijke IJ-oevers-West,1.8
2019,wijken,NC,Tuindorp Oostzaan,5.1
2019,wijken,ND,Kadoelen,5.7
2019,wijken,NE,Banne Buiksloot,6.5
2019,wijken,NF,Nieuwendammerdijk/Buiksloterdijk,8.5
2019,wijken,NG,Elzenhagen,5
2019,wijken,NH,Buikslotermeer,5.1
2019,wijken,NJ,Waterlandpleinbuurt,6.6
2019,wijken,NK,Volewijck,4.8
2019,wijken,NL,IJplein/Vogelbuurt,4.8
2019,wijken,NM,Tuindorp Buiksloot,5.3
2019,wijken,NN,Tuindorp Nieuwendam,4.2
2019,wijken,NP,Noordelijke IJ-oevers-Oost,0.6
2019,wijken,NQ,Waterland,6
2019,wijken,SA,Driemond,7.1
2019,wijken,SB,Bloemendalerpolder,
2019,wijken,SC,Weesp-Noordwest,
2019,wijken,SD,Weesp Binnenstad/Zuid,
2019,wijken,SE,Aetsveld/Oostelijke Vechtoever,
2019,wijken,TA,Amstel III/Bullewijk,8.3
2019,wijken,TB,Venserpolder,3.9
2019,wijken,TC,Amsterdamse Poort e.o.,5.2
2019,wijken,TD,H-buurt,7
2019,wijken,TE,Ganzenhoef e.o.,5.9
2019,wijken,TF,Geerdinkhof/Kantershof,4.3
2019,wijken,TG,Bijlmermuseum,6
2019,wijken,TH,K-buurt,6.6
2019,wijken,TJ,Holendrecht,6.9
2019,wijken,TK,Nellestein,3
2019,wijken,TL,Reigersbos,5.1
2019,wijken,TM,Gein,5.2
2020,wijken,AA,Haarlemmerbuurt,3.1
2020,wijken,AB,Jordaan,2.5
2020,wijken,AC,Grachtengordel-West,2.5
2020,wijken,AD,Burgwallen-Nieuwe Zijde,1.4
2020,wijken,AE,Burgwallen-Oude Zijde,1.1
2020,wijken,AF,Nieuwmarkt/Lastage,2.2
2020,wijken,AG,Grachtengordel-Zuid,3.2
2020,wijken,AH,De Weteringschans,2.9
2020,wijken,AJ,Weesperbuurt/Plantage,2.5
2020,wijken,AK,Oostelijke Eilanden/Kadijken,3.4
2020,wijken,BA,Havens-West,5.3
2020,wijken,BB,Coenhaven/Minervahaven,3.3
2020,wijken,EA,Sloterdijk-West,0.4
2020,wijken,EB,Spaarndammerbuurt/Zeeheldenbuurt,3.1
2020,wijken,EC,Houthavens,2.6
2020,wijken,ED,De Kolenkit,5
2020,wijken,EE,Landlust,4
2020,wijken,EF,Erasmuspark,3.2
2020,wijken,EG,Centrale Markt,4.4
2020,wijken,EH,Staatsliedenbuurt,3.4
2020,wijken,EJ,Frederik Hendrikbuurt,2.6
2020,wijken,EK,Van Galenbuurt,2.8
2020,wijken,EL,Geuzenbuurt,2.6
2020,wijken,EM,Hoofdweg e.o.,3.1
2020,wijken,EN,Chassébuurt,4.7
2020,wijken,EP,Bellamybuurt,1.9
2020,wijken,EQ,Da Costabuurt,2.3
2020,wijken,ER,Westindische Buurt,2.5
2020,wijken,ES,Van Lennepbuurt,2.8
2020,wijken,ET,Overtoomse Sluis,2.5
2020,wijken,EU,Helmersbuurt,3.6
2020,wijken,EV,Vondelparkbuurt,5.2
2020,wijken,FA,Sloterdijk Nieuw-West,1.2
2020,wijken,FB,Geuzenveld,6.3
2020,wijken,FC,Slotermeer-West,6.4
2020,wijken,FD,Slotermeer-Noordoost,5.5
2020,wijken,FE,Slotermeer-Zuidoost,3.9
2020,wijken,FF,Lutkemeer/Ookmeer,4.5
2020,wijken,FG,De Aker,6.7
2020,wijken,FH,De Punt,5.5
2020,wijken,FJ,Osdorp-Midden,6
2020,wijken,FK,Osdorp-Oost,4.6
2020,wijken,FL,Slotervaart-Noord,5.8
2020,wijken,FM,Overtoomse Veld,4.7
2020,wijken,FN,Slotervaart-Zuid,5
2020,wijken,FP,Westlandgracht,2.4
2020,wijken,FQ,Sloten/Nieuw-Sloten,4.9
2020,wijken,KA,Hoofddorppleinbuurt,2.6
2020,wijken,KB,Schinkelbuurt,2.6
2020,wijken,KC,Willemspark,6.3
2020,wijken,KD,Museumkwartier,4.7
2020,wijken,KE,Oude Pijp,2.1
2020,wijken,KF,Nieuwe Pijp,2.2
2020,wijken,KG,Zuid Pijp,3.6
2020,wijken,KH,Stadionbuurt,3.5
2020,wijken,KJ,Apollobuurt,6.2
2020,wijken,KK,Scheldebuurt,3.1
2020,wijken,KL,IJselbuurt,2.8
2020,wijken,KM,Rijnbuurt,2.4
2020,wijken,KN,Prinses Irenebuurt e.o.,5.8
2020,wijken,KP,Zuidas,1.4
2020,wijken,KQ,Buitenveldert-West,3.4
2020,wijken,KR,Buitenveldert-Oost,2.7
2020,wijken,MA,Oostelijk Havengebied,5.3
2020,wijken,MB,Weesperzijde,3.3
2020,wijken,MC,Oosterparkbuurt,3.2
2020,wijken,MD,Transvaalbuurt,4.1
2020,wijken,ME,Dapperbuurt,3.7
2020,wijken,MF,Indische Buurt-West,4.1
2020,wijken,MG,Indische Buurt-Oost,5.1
2020,wijken,MH,Zeeburgereiland/Bovendiep,2.3
2020,wijken,MJ,IJburg-West,9.9
2020,wijken,MK,IJburg-Oost,
2020,wijken,ML,IJburg-Zuid,8.1
2020,wijken,MM,Frankendael,3.3
2020,wijken,MN,Middenmeer,4.5
2020,wijken,MP,Betondorp,3.7
2020,wijken,MQ,Omval/Overamstel,1.3
2020,wijken,NA,Oostzanerwerf,6.3
2020,wijken,NB,Noordelijke IJ-oevers-West,1.7
2020,wijken,NC,Tuindorp Oostzaan,5
2020,wijken,ND,Kadoelen,6.1
2020,wijken,NE,Banne Buiksloot,6.4
2020,wijken,NF,Nieuwendammerdijk/Buiksloterdijk,8.3
2020,wijken,NG,Elzenhagen,4.2
2020,wijken,NH,Buikslotermeer,5
2020,wijken,NJ,Waterlandpleinbuurt,6.5
2020,wijken,NK,Volewijck,4.7
2020,wijken,NL,IJplein/Vogelbuurt,4.7
2020,wijken,NM,Tuindorp Buiksloot,4.8
2020,wijken,NN,Tuindorp Nieuwendam,4.3
2020,wijken,NP,Noordelijke IJ-oevers-Oost,1.3
2020,wijken,NQ,Waterland,6.3
2020,wijken,SA,Driemond,6.8
2020,wijken,SB,Bloemendalerpolder,
2020,wijken,SC,Weesp-Noordwest,
2020,wijken,SD,Weesp Binnenstad/Zuid,
2020,wijken,SE,Aetsveld/Oostelijke Vechtoever,
2020,wijken,TA,Amstel III/Bullewijk,5.4
2020,wijken,TB,Venserpolder,4
2020,wijken,TC,Amsterdamse Poort e.o.,4.8
2020,wijken,TD,H-buurt,6.6
2020,wijken,TE,Ganzenhoef e.o.,5.9
2020,wijken,TF,Geerdinkhof/Kantershof,4.2
2020,wijken,TG,Bijlmermuseum,5.8
2020,wijken,TH,K-buurt,6.5
2020,wijken,TJ,Holendrecht,7.1
2020,wijken,TK,Nellestein,3.1
2020,wijken,TL,Reigersbos,4.9
2020,wijken,TM,Gein,5.3
2021,wijken,AA,Haarlemmerbuurt,2.9
2021,wijken,AB,Jordaan,2.3
2021,wijken,AC,Grachtengordel-West,2.7
2021,wijken,AD,Burgwallen-Nieuwe Zijde,1.5
2021,wijken,AE,Burgwallen-Oude Zijde,1.3
2021,wijken,AF,Nieuwmarkt/Lastage,2.3
2021,wijken,AG,Grachtengordel-Zuid,3.3
2021,wijken,AH,De Weteringschans,2.9
2021,wijken,AJ,Weesperbuurt/Plantage,2.5
2021,wijken,AK,Oostelijke Eilanden/Kadijken,3.4
2021,wijken,BA,Havens-West,0
2021,wijken,BB,Coenhaven/Minervahaven,0
2021,wijken,EA,Sloterdijk-West,0.4
2021,wijken,EB,Spaarndammerbuurt/Zeeheldenbuurt,3.2
2021,wijken,EC,Houthavens,2.9
2021,wijken,ED,De Kolenkit,5.1
2021,wijken,EE,Landlust,4.1
2021,wijken,EF,Erasmuspark,3.1
2021,wijken,EG,Centrale Markt,4
2021,wijken,EH,Staatsliedenbuurt,3.3
2021,wijken,EJ,Frederik Hendrikbuurt,2.6
2021,wijken,EK,Van Galenbuurt,2.8
2021,wijken,EL,Geuzenbuurt,2.6
2021,wijken,EM,Hoofdweg e.o.,3.3
2021,wijken,EN,Chassébuurt,4.9
2021,wijken,EP,Bellamybuurt,2
2021,wijken,EQ,Da Costabuurt,2.6
2021,wijken,ER,Westindische Buurt,2.4
2021,wijken,ES,Van Lennepbuurt,2.8
2021,wijken,ET,Overtoomse Sluis,2.4
2021,wijken,EU,Helmersbuurt,3.5
2021,wijken,EV,Vondelparkbuurt,5.1
2021,wijken,FA,Sloterdijk Nieuw-West,0.6
2021,wijken,FB,Geuzenveld,6.3
2021,wijken,FC,Slotermeer-West,6.3
2021,wijken,FD,Slotermeer-Noordoost,5.8
2021,wijken,FE,Slotermeer-Zuidoost,3.6
2021,wijken,FF,Lutkemeer/Ookmeer,4.9
2021,wijken,FG,De Aker,6.7
2021,wijken,FH,De Punt,5.5
2021,wijken,FJ,Osdorp-Midden,6
2021,wijken,FK,Osdorp-Oost,4.6
2021,wijken,FL,Slotervaart-Noord,5.8
2021,wijken,FM,Overtoomse Veld,4.6
2021,wijken,FN,Slotervaart-Zuid,5.1
2021,wijken,FP,Westlandgracht,2.4
2021,wijken,FQ,Sloten/Nieuw-Sloten,4.8
2021,wijken,KA,Hoofddorppleinbuurt,2.7
2021,wijken,KB,Schinkelbuurt,2.6
2021,wijken,KC,Willemspark,6.5
2021,wijken,KD,Museumkwartier,4.9
2021,wijken,KE,Oude Pijp,2.2
2021,wijken,KF,Nieuwe Pijp,2.1
2021,wijken,KG,Zuid Pijp,3.6
2021,wijken,KH,Stadionbuurt,3.6
2021,wijken,KJ,Apollobuurt,6.8
2021,wijken,KK,Scheldebuurt,3.3
2021,wijken,KL,IJselbuurt,2.5
2021,wijken,KM,Rijnbuurt,2.5
2021,wijken,KN,Prinses Irenebuurt e.o.,6.7
2021,wijken,KP,Zuidas,1.6
2021,wijken,KQ,Buitenveldert-West,3.5
2021,wijken,KR,Buitenveldert-Oost,2.8
2021,wijken,MA,Oostelijk Havengebied,5.1
2021,wijken,MB,Weesperzijde,3.3
2021,wijken,MC,Oosterparkbuurt,3.1
2021,wijken,MD,Transvaalbuurt,4.1
2021,wijken,ME,Dapperbuurt,3.6
2021,wijken,MF,Indische Buurt-West,4
2021,wijken,MG,Indische Buurt-Oost,5.3
2021,wijken,MH,Zeeburgereiland/Bovendiep,2.4
2021,wijken,MJ,IJburg-West,10
2021,wijken,MK,IJburg-Oost,9.9
2021,wijken,ML,IJburg-Zuid,9.1
2021,wijken,MM,Frankendael,3.3
2021,wijken,MN,Middenmeer,4.6
2021,wijken,MP,Betondorp,3.4
2021,wijken,MQ,Omval/Overamstel,1.3
2021,wijken,NA,Oostzanerwerf,6.2
2021,wijken,NB,Noordelijke IJ-oevers-West,1.8
2021,wijken,NC,Tuindorp Oostzaan,5.1
2021,wijken,ND,Kadoelen,6.2
2021,wijken,NE,Banne Buiksloot,6.5
2021,wijken,NF,Nieuwendammerdijk/Buiksloterdijk,8.3
2021,wijken,NG,Elzenhagen,4.6
2021,wijken,NH,Buikslotermeer,4.8
2021,wijken,NJ,Waterlandpleinbuurt,6.3
2021,wijken,NK,Volewijck,4.9
2021,wijken,NL,IJplein/Vogelbuurt,4.9
2021,wijken,NM,Tuindorp Buiksloot,5.1
2021,wijken,NN,Tuindorp Nieuwendam,4.2
2021,wijken,NP,Noordelijke IJ-oevers-Oost,0.8
2021,wijken,NQ,Waterland,6.9
2021,wijken,SA,Driemond,6.7
2021,wijken,SB,Bloemendalerpolder,
2021,wijken,SC,Weesp-Noordwest,
2021,wijken,SD,Weesp Binnenstad/Zuid,
2021,wijken,SE,Aetsveld/Oostelijke Vechtoever,
2021,wijken,TA,Amstel III/Bullewijk,2.5
2021,wijken,TB,Venserpolder,4.2
2021,wijken,TC,Amsterdamse Poort e.o.,4.8
2021,wijken,TD,H-buurt,6.4
2021,wijken,TE,Ganzenhoef e.o.,5.9
2021,wijken,TF,Geerdinkhof/Kantershof,4.4
2021,wijken,TG,Bijlmermuseum,5.6
2021,wijken,TH,K-buurt,6.5
2021,wijken,TJ,Holendrecht,7.4
2021,wijken,TK,Nellestein,3.4
2021,wijken,TL,Reigersbos,4.8
2021,wijken,TM,Gein,5.4
2022,wijken,AA,Haarlemmerbuurt,2.9
2022,wijken,AB,Jordaan,2.3
2022,wijken,AC,Grachtengordel-West,2.5
2022,wijken,AD,Burgwallen-Nieuwe Zijde,1.3
2022,wijken,AE,Burgwallen-Oude Zijde,1.3
2022,wijken,AF,Nieuwmarkt/Lastage,2.5
2022,wijken,AG,Grachtengordel-Zuid,2.9
2022,wijken,AH,De Weteringschans,2.8
2022,wijken,AJ,Weesperbuurt/Plantage,2.4
2022,wijken,AK,Oostelijke Eilanden/Kadijken,3.3
2022,wijken,BA,Havens-West,0
2022,wijken,BB,Coenhaven/Minervahaven,0.6
2022,wijken,EA,Sloterdijk-West,0.8
2022,wijken,EB,Spaarndammerbuurt/Zeeheldenbuurt,3.3
2022,wijken,EC,Houthavens,3.4
2022,wijken,ED,De Kolenkit,4.8
2022,wijken,EE,Landlust,4
2022,wijken,EF,Erasmuspark,3.2
2022,wijken,EG,Centrale Markt,4.2
2022,wijken,EH,Staatsliedenbuurt,3.1
2022,wijken,EJ,Frederik Hendrikbuurt,2.5
2022,wijken,EK,Van Galenbuurt,2.6
2022,wijken,EL,Geuzenbuurt,2.7
2022,wijken,EM,Hoofdweg e.o.,3.2
2022,wijken,EN,Chassébuurt,5.1
2022,wijken,EP,Bellamybuurt,2.3
2022,wijken,EQ,Da Costabuurt,2.6
2022,wijken,ER,Westindische Buurt,2.5
2022,wijken,ES,Van Lennepbuurt,2.9
2022,wijken,ET,Overtoomse Sluis,2.3
2022,wijken,EU,Helmersbuurt,3.3
2022,wijken,EV,Vondelparkbuurt,5.3
2022,wijken,FA,Sloterdijk Nieuw-West,1.2
2022,wijken,FB,Geuzenveld,6.3
2022,wijken,FC,Slotermeer-West,6.5
2022,wijken,FD,Slotermeer-Noordoost,5.9
2022,wijken,FE,Slotermeer-Zuidoost,3.9
2022,wijken,FF,Lutkemeer/Ookmeer,5.4
2022,wijken,FG,De Aker,6.6
2022,wijken,FH,De Punt,5.6
2022,wijken,FJ,Osdorp-Midden,6.2
2022,wijken,FK,Osdorp-Oost,4.4
2022,wijken,FL,Slotervaart-Noord,5.7
2022,wijken,FM,Overtoomse Veld,4.7
2022,wijken,FN,Slotervaart-Zuid,5.1
2022,wijken,FP,Westlandgracht,2.5
2022,wijken,FQ,Sloten/Nieuw-Sloten,4.6
2022,wijken,KA,Hoofddorppleinbuurt,2.7
2022,wijken,KB,Schinkelbuurt,2.3
2022,wijken,KC,Willemspark,6.5
2022,wijken,KD,Museumkwartier,5.2
2022,wijken,KE,Oude Pijp,2.2
2022,wijken,KF,Nieuwe Pijp,2.1
2022,wijken,KG,Zuid Pijp,3.7
2022,wijken,KH,Stadionbuurt,3.6
2022,wijken,KJ,Apollobuurt,7.2
2022,wijken,KK,Scheldebuurt,3.3
2022,wijken,KL,IJselbuurt,2.6
2022,wijken,KM,Rijnbuurt,2.6
2022,wijken,KN,Prinses Irenebuurt e.o.,6.6
2022,wijken,KP,Zuidas,1.5
2022,wijken,KQ,Buitenveldert-West,3.7
2022,wijken,KR,Buitenveldert-Oost,2.8
2022,wijken,MA,Oostelijk Havengebied,5
2022,wijken,MB,Weesperzijde,3.2
2022,wijken,MC,Oosterparkbuurt,3.1
2022,wijken,MD,Transvaalbuurt,4.1
2022,wijken,ME,Dapperbuurt,3.5
2022,wijken,MF,Indische Buurt-West,4.1
2022,wijken,MG,Indische Buurt-Oost,5
2022,wijken,MH,Zeeburgereiland/Bovendiep,2.5
2022,wijken,MJ,IJburg-West,9.8
2022,wijken,MK,IJburg-Oost,10.2
2022,wijken,ML,IJburg-Zuid,9.9
2022,wijken,MM,Frankendael,3.4
2022,wijken,MN,Middenmeer,4.7
2022,wijken,MP,Betondorp,3.4
2022,wijken,MQ,Omval/Overamstel,1.4
2022,wijken,NA,Oostzanerwerf,6.1
2022,wijken,NB,Noordelijke IJ-oevers-West,1.9
2022,wijken,NC,Tuindorp Oostzaan,5.2
2022,wijken,ND,Kadoelen,6.5
2022,wijken,NE,Banne Buiksloot,6.5
2022,wijken,NF,Nieuwendammerdijk/Buiksloterdijk,7.9
2022,wijken,NG,Elzenhagen,4.4
2022,wijken,NH,Buikslotermeer,4.7
2022,wijken,NJ,Waterlandpleinbuurt,6.3
2022,wijken,NK,Volewijck,4.9
2022,wijken,NL,IJplein/Vogelbuurt,5
2022,wijken,NM,Tuindorp Buiksloot,4.3
2022,wijken,NN,Tuindorp Nieuwendam,4.5
2022,wijken,NP,Noordelijke IJ-oevers-Oost,0.7
2022,wijken,NQ,Waterland,7.5
2022,wijken,SA,Driemond,6.7
2022,wijken,SB,Bloemendalerpolder,
2022,wijken,SC,Weesp-Noordwest,
2022,wijken,SD,Weesp Binnenstad/Zuid,
2022,wijken,SE,Aetsveld/Oostelijke Vechtoever,
2022,wijken,TA,Amstel III/Bullewijk,1.3
2022,wijken,TB,Venserpolder,4.3
2022,wijken,TC,Amsterdamse Poort e.o.,4.7
2022,wijken,TD,H-buurt,6.3
2022,wijken,TE,Ganzenhoef e.o.,5.9
2022,wijken,TF,Geerdinkhof/Kantershof,4.2
2022,wijken,TG,Bijlmermuseum,6
2022,wijken,TH,K-buurt,6.3
2022,wijken,TJ,Holendrecht,7.7
2022,wijken,TK,Nellestein,3.7
2022,wijken,TL,Reigersbos,4.8
2022,wijken,TM,Gein,5.1
2023,wijken,AA,Haarlemmerbuurt,2.9
2023,wijken,AB,Jordaan,2.2
2023,wijken,AC,Grachtengordel-West,2.5
2023,wijken,AD,Burgwallen-Nieuwe Zijde,1.3
2023,wijken,AE,Burgwallen-Oude Zijde,1.1
2023,wijken,AF,Nieuwmarkt/Lastage,2.5
2023,wijken,AG,Grachtengordel-Zuid,2.5
2023,wijken,AH,De Weteringschans,2.6
2023,wijken,AJ,Weesperbuurt/Plantage,2.7
2023,wijken,AK,Oostelijke Eilanden/Kadijken,3.2
2023,wijken,BA,Havens-West,0
2023,wijken,BB,Coenhaven/Minervahaven,1.1
2023,wijken,EA,Sloterdijk-West,1.1
2023,wijken,EB,Spaarndammerbuurt/Zeeheldenbuurt,3.5
2023,wijken,EC,Houthavens,3.7
2023,wijken,ED,De Kolenkit,4.8
2023,wijken,EE,Landlust,4
2023,wijken,EF,Erasmuspark,2.8
2023,wijken,EG,Centrale Markt,4.6
2023,wijken,EH,Staatsliedenbuurt,3.1
2023,wijken,EJ,Frederik Hendrikbuurt,2.4
2023,wijken,EK,Van Galenbuurt,2.6
2023,wijken,EL,Geuzenbuurt,2.7
2023,wijken,EM,Hoofdweg e.o.,3.1
2023,wijken,EN,Chassébuurt,4.9
2023,wijken,EP,Bellamybuurt,2.3
2023,wijken,EQ,Da Costabuurt,2.9
2023,wijken,ER,Westindische Buurt,2.6
2023,wijken,ES,Van Lennepbuurt,3
2023,wijken,ET,Overtoomse Sluis,2.2
2023,wijken,EU,Helmersbuurt,3.3
2023,wijken,EV,Vondelparkbuurt,4.9
2023,wijken,FA,Sloterdijk Nieuw-West,1.9
2023,wijken,FB,Geuzenveld,6.5
2023,wijken,FC,Slotermeer-West,6.3
2023,wijken,FD,Slotermeer-Noordoost,6
2023,wijken,FE,Slotermeer-Zuidoost,4.4
2023,wijken,FF,Lutkemeer/Ookmeer,4.9
2023,wijken,FG,De Aker,6.4
2023,wijken,FH,De Punt,5.9
2023,wijken,FJ,Osdorp-Midden,6.3
2023,wijken,FK,Osdorp-Oost,4.8
2023,wijken,FL,Slotervaart-Noord,6.1
2023,wijken,FM,Overtoomse Veld,4.9
2023,wijken,FN,Slotervaart-Zuid,5.1
2023,wijken,FP,Westlandgracht,2.6
2023,wijken,FQ,Sloten/Nieuw-Sloten,4.6
2023,wijken,KA,Hoofddorppleinbuurt,2.6
2023,wijken,KB,Schinkelbuurt,2.4
2023,wijken,KC,Willemspark,6.3
2023,wijken,KD,Museumkwartier,5.1
2023,wijken,KE,Oude Pijp,2.3
2023,wijken,KF,Nieuwe Pijp,2.1
2023,wijken,KG,Zuid Pijp,3.7
2023,wijken,KH,Stadionbuurt,3.9
2023,wijken,KJ,Apollobuurt,7.4
2023,wijken,KK,Scheldebuurt,3.7
2023,wijken,KL,IJselbuurt,2.7
2023,wijken,KM,Rijnbuurt,2.6
2023,wijken,KN,Prinses Irenebuurt e.o.,7
2023,wijken,KP,Zuidas,2
2023,wijken,KQ,Buitenveldert-West,3.4
2023,wijken,KR,Buitenveldert-Oost,3.2
2023,wijken,MA,Oostelijk Havengebied,4.8
2023,wijken,MB,Weesperzijde,3.2
2023,wijken,MC,Oosterparkbuurt,3.4
2023,wijken,MD,Transvaalbuurt,4.3
2023,wijken,ME,Dapperbuurt,3.6
2023,wijken,MF,Indische Buurt-West,3.9
2023,wijken,MG,Indische Buurt-Oost,4.9
2023,wijken,MH,Zeeburgereiland/Bovendiep,2.3
2023,wijken,MJ,IJburg-West,9.2
2023,wijken,MK,IJburg-Oost,9.5
2023,wijken,ML,IJburg-Zuid,10.4
2023,wijken,MM,Frankendael,3.5
2023,wijken,MN,Middenmeer,4.8
2023,wijken,MP,Betondorp,3.4
2023,wijken,MQ,Omval/Overamstel,1.5
2023,wijken,NA,Oostzanerwerf,6
2023,wijken,NB,Noordelijke IJ-oevers-West,1.9
2023,wijken,NC,Tuindorp Oostzaan,5.3
2023,wijken,ND,Kadoelen,6.8
2023,wijken,NE,Banne Buiksloot,6.5
2023,wijken,NF,Nieuwendammerdijk/Buiksloterdijk,8.6
2023,wijken,NG,Elzenhagen,3.9
2023,wijken,NH,Buikslotermeer,4.5
2023,wijken,NJ,Waterlandpleinbuurt,6.4
2023,wijken,NK,Volewijck,5.1
2023,wijken,NL,IJplein/Vogelbuurt,5
2023,wijken,NM,Tuindorp Buiksloot,4.6
2023,wijken,NN,Tuindorp Nieuwendam,4.4
2023,wijken,NP,Noordelijke IJ-oevers-Oost,1
2023,wijken,NQ,Waterland,7.7
2023,wijken,SA,Driemond,6.7
2023,wijken,SB,Bloemendalerpolder,4.4
2023,wijken,SC,Weesp-Noordwest,4.2
2023,wijken,SD,Weesp Binnenstad/Zuid,5.1
2023,wijken,SE,Aetsveld/Oostelijke Vechtoever,5.7
2023,wijken,TA,Amstel III/Bullewijk,1.2
2023,wijken,TB,Venserpolder,4.2
2023,wijken,TC,Amsterdamse Poort e.o.,4.8
2023,wijken,TD,H-buurt,6.5
2023,wijken,TE,Ganzenhoef e.o.,5.9
2023,wijken,TF,Geerdinkhof/Kantershof,4.2
2023,wijken,TG,Bijlmermuseum,6.1
2023,wijken,TH,K-buurt,6.3
2023,wijken,TJ,Holendrecht,7.6
2023,wijken,TK,Nellestein,4.1
2023,wijken,TL,Reigersbos,5
2023,wijken,TM,Gein,5.1
